Company,CurrentStockCount,CurrentStockAskingValue,MedianCurrentAskingPrice,MedianPublicListingAgeDays,P75PublicListingAgeDays,FreshStockCount,NormalStockCount,AboveTypicalAgeCount,AgedStockCount,VeryAgedStockCount,LowPricePositionCount,MidMarketPriceCount,HighPricePositionCount,InsufficientPriceComparisonCount,WatchStockCount,AttentionStockCount,HighAttentionStockCount,DistinctBrands,DistinctModels,HistoricalDistinctListings,HistoricalObservedMarketExits,HistoricalMedianObservedDaysToExit,HistoricalPriceReductionEligibleListings,HistoricalPriceReductionListings,HistoricalPriceReductionRate,PublicListingAgeDefinition,HistoricalExitDefinition
Asal Oto Galeri,788,12480900.0,12900.0,190.0,260.0,21,28,92,45,536,126,146,181,84,96,440,157,28,155,2504,1691,42.0,1441,151,0.10478834142956281,DAYS_SINCE_FIRST_OBSERVED_ADVERTISED,OBSERVED_MARKET_EXIT_NOT_CONFIRMED_SALE
Osmanlızade Otomotiv,510,12825750.0,22000.0,260.0,260.0,12,16,21,4,438,65,89,136,22,23,327,120,20,107,1111,573,63.0,461,49,0.10629067245119306,DAYS_SINCE_FIRST_OBSERVED_ADVERTISED,OBSERVED_MARKET_EXIT_NOT_CONFIRMED_SALE
OSHAN AUTO GALERI,356,7445946.0,15500.0,185.5,260.0,23,27,35,14,233,100,60,49,34,47,226,33,25,127,759,400,45.0,431,115,0.2668213457076566,DAYS_SINCE_FIRST_OBSERVED_ADVERTISED,OBSERVED_MARKET_EXIT_NOT_CONFIRMED_SALE
KA & İS MOTORS,226,5036650.0,19900.0,79.0,91.0,30,20,58,30,84,28,46,80,11,54,88,49,16,67,971,745,23.0,811,66,0.08138101109741061,DAYS_SINCE_FIRST_OBSERVED_ADVERTISED,OBSERVED_MARKET_EXIT_NOT_CONFIRMED_SALE
Süleymanlar Autos Ltd,158,2587800.0,14375.0,215.0,260.0,5,8,16,3,112,10,10,63,25,17,59,58,21,78,398,239,34.0,282,8,0.028368794326241134,DAYS_SINCE_FIRST_OBSERVED_ADVERTISED,OBSERVED_MARKET_EXIT_NOT_CONFIRMED_SALE
Hasan Debreli Motors,144,4275450.0,23200.0,99.0,231.5,13,10,24,11,76,13,11,67,18,24,40,55,19,71,386,238,55.0,270,32,0.11851851851851852,DAYS_SINCE_FIRST_OBSERVED_ADVERTISED,OBSERVED_MARKET_EXIT_NOT_CONFIRMED_SALE
Özçelebi Oto Trading Ltd.,131,2451400.0,15000.0,141.0,149.0,5,6,28,7,76,15,28,32,10,28,66,23,15,60,264,127,38.0,258,47,0.1821705426356589,DAYS_SINCE_FIRST_OBSERVED_ADVERTISED,OBSERVED_MARKET_EXIT_NOT_CONFIRMED_SALE
MUSTAFA ZORER PRESTIGE CARS,114,2945700.0,21400.0,155.5,244.75,2,0,16,4,80,16,17,23,16,16,64,20,18,65,233,116,67.0,145,39,0.2689655172413793,DAYS_SINCE_FIRST_OBSERVED_ADVERTISED,OBSERVED_MARKET_EXIT_NOT_CONFIRMED_SALE
KAĞAN BEKTAŞ AUTOMOTIVE,111,2688140.0,24900.0,70.0,99.0,10,12,25,16,45,13,26,29,6,27,50,18,16,42,412,300,28.5,337,15,0.04451038575667656,DAYS_SINCE_FIRST_OBSERVED_ADVERTISED,OBSERVED_MARKET_EXIT_NOT_CONFIRMED_SALE
Erol Auto,110,2504700.0,16000.0,119.5,260.0,9,4,13,7,35,14,10,23,42,14,41,9,19,80,345,235,35.0,235,38,0.16170212765957448,DAYS_SINCE_FIRST_OBSERVED_ADVERTISED,OBSERVED_MARKET_EXIT_NOT_CONFIRMED_SALE
Audi Prime Plus | Debreli,103,3267100.0,28500.0,130.0,260.0,7,7,17,6,54,11,12,42,12,20,31,31,12,51,267,164,58.0,153,26,0.16993464052287582,DAYS_SINCE_FIRST_OBSERVED_ADVERTISED,OBSERVED_MARKET_EXIT_NOT_CONFIRMED_SALE
Shoptech Auto,102,2796917.0,16999.0,131.0,230.0,13,5,6,10,45,18,12,25,23,9,40,17,25,68,311,205,37.0,225,9,0.04,DAYS_SINCE_FIRST_OBSERVED_ADVERTISED,OBSERVED_MARKET_EXIT_NOT_CONFIRMED_SALE
Yalınç Oto Galeri,87,1383199.0,14300.0,117.0,118.0,4,10,15,3,34,8,7,25,29,15,25,15,23,55,130,29,58.0,129,20,0.15503875968992248,DAYS_SINCE_FIRST_OBSERVED_ADVERTISED,OBSERVED_MARKET_EXIT_NOT_CONFIRMED_SALE
Ejder Oto,84,1783300.0,18750.0,260.0,260.0,3,8,11,5,48,8,9,27,9,15,32,24,15,45,192,102,60.0,78,3,0.038461538461538464,DAYS_SINCE_FIRST_OBSERVED_ADVERTISED,OBSERVED_MARKET_EXIT_NOT_CONFIRMED_SALE
MACİLA AUTOS,80,2242500.0,23000.0,110.0,161.75,3,4,14,10,45,8,7,33,13,13,35,23,18,50,145,63,48.0,145,83,0.5724137931034483,DAYS_SINCE_FIRST_OBSERVED_ADVERTISED,OBSERVED_MARKET_EXIT_NOT_CONFIRMED_SALE
Prime Car,75,3127399.0,35000.0,181.0,260.0,0,4,14,1,52,16,11,17,7,17,36,17,12,34,143,68,74.0,74,22,0.2972972972972973,DAYS_SINCE_FIRST_OBSERVED_ADVERTISED,OBSERVED_MARKET_EXIT_NOT_CONFIRMED_SALE
Kombos EL2,68,2790500.0,33800.0,65.0,146.75,4,4,24,6,23,11,10,17,10,26,20,11,15,35,291,221,34.0,252,34,0.1349206349206349,DAYS_SINCE_FIRST_OBSERVED_ADVERTISED,OBSERVED_MARKET_EXIT_NOT_CONFIRMED_SALE
Carmony Motors Ltd,66,1812943.0,28499.0,90.5,154.0,0,14,14,1,35,14,14,17,3,14,32,10,10,28,222,156,39.0,158,65,0.41139240506329117,DAYS_SINCE_FIRST_OBSERVED_ADVERTISED,OBSERVED_MARKET_EXIT_NOT_CONFIRMED_SALE
Dünya Oto Ltd | Yıldıray Debreli,64,2458350.0,29000.0,105.0,176.25,5,11,8,2,33,9,10,21,6,11,25,12,14,38,223,152,34.5,156,16,0.10256410256410256,DAYS_SINCE_FIRST_OBSERVED_ADVERTISED,OBSERVED_MARKET_EXIT_NOT_CONFIRMED_SALE
MK Motors,64,1061095.0,16250.0,209.0,260.0,2,1,3,1,55,3,10,26,3,3,34,24,12,25,116,52,58.5,60,6,0.1,DAYS_SINCE_FIRST_OBSERVED_ADVERTISED,OBSERVED_MARKET_EXIT_NOT_CONFIRMED_SALE
Onaks Oto Galeri,57,1330150.0,21000.0,171.0,171.0,0,0,0,4,47,4,6,20,9,1,29,22,13,36,57,0,,57,1,0.017543859649122806,DAYS_SINCE_FIRST_OBSERVED_ADVERTISED,OBSERVED_MARKET_EXIT_NOT_CONFIRMED_SALE
SMD Auto,57,1418100.0,23900.0,91.0,132.0,2,8,17,6,19,6,7,27,3,14,14,18,11,32,184,124,79.5,132,12,0.09090909090909091,DAYS_SINCE_FIRST_OBSERVED_ADVERTISED,OBSERVED_MARKET_EXIT_NOT_CONFIRMED_SALE
Elite City Cars,56,1699300.0,28000.0,130.5,182.25,4,3,6,4,36,4,9,15,4,8,29,12,12,37,150,94,42.0,141,39,0.2765957446808511,DAYS_SINCE_FIRST_OBSERVED_ADVERTISED,OBSERVED_MARKET_EXIT_NOT_CONFIRMED_SALE
Nicosia Motors,56,2074060.0,28990.0,84.5,128.0,5,5,19,2,21,6,6,20,4,13,28,6,12,33,220,164,42.5,145,22,0.15172413793103448,DAYS_SINCE_FIRST_OBSERVED_ADVERTISED,OBSERVED_MARKET_EXIT_NOT_CONFIRMED_SALE
Süleymanlar Autos Nicosia,55,1103900.0,16250.0,72.0,157.5,5,9,11,2,20,7,9,13,8,16,11,11,17,38,142,86,30.0,140,6,0.04285714285714286,DAYS_SINCE_FIRST_OBSERVED_ADVERTISED,OBSERVED_MARKET_EXIT_NOT_CONFIRMED_SALE
Metrikon Automotive,54,1158890.0,18000.0,124.0,260.0,1,4,3,0,20,7,4,9,25,4,14,7,20,43,142,80,31.5,97,11,0.1134020618556701,DAYS_SINCE_FIRST_OBSERVED_ADVERTISED,OBSERVED_MARKET_EXIT_NOT_CONFIRMED_SALE
FURKAN MOTORS,53,1134850.0,18500.0,64.0,181.0,2,8,11,7,22,8,10,16,3,10,26,10,11,31,151,94,75.0,148,36,0.24324324324324326,DAYS_SINCE_FIRST_OBSERVED_ADVERTISED,OBSERVED_MARKET_EXIT_NOT_CONFIRMED_SALE
Levent Motor Ltd,52,1483399.0,29000.0,171.0,251.75,2,1,4,2,42,7,7,21,1,2,27,19,8,22,117,65,45.0,72,20,0.2777777777777778,DAYS_SINCE_FIRST_OBSERVED_ADVERTISED,OBSERVED_MARKET_EXIT_NOT_CONFIRMED_SALE
Carworks Automotive,51,1392199.0,22900.0,212.0,260.0,6,8,4,0,30,4,6,22,5,8,13,19,15,40,77,25,84.0,43,4,0.09302325581395349,DAYS_SINCE_FIRST_OBSERVED_ADVERTISED,OBSERVED_MARKET_EXIT_NOT_CONFIRMED_SALE
Bilgin Auto,50,375000.0,7500.0,62.0,90.75,3,6,13,7,20,9,8,17,2,14,20,10,14,29,269,219,20.0,235,6,0.02553191489361702,DAYS_SINCE_FIRST_OBSERVED_ADVERTISED,OBSERVED_MARKET_EXIT_NOT_CONFIRMED_SALE
Daksi Autos,49,1751800.0,27900.0,166.0,260.0,2,6,2,2,33,3,4,20,8,5,17,19,9,32,108,58,51.0,55,5,0.09090909090909091,DAYS_SINCE_FIRST_OBSERVED_ADVERTISED,OBSERVED_MARKET_EXIT_NOT_CONFIRMED_SALE
Ardalı Motors,48,1011400.0,19900.0,163.0,196.25,3,3,6,1,33,8,10,11,5,8,23,11,12,27,93,44,67.0,67,15,0.22388059701492538,DAYS_SINCE_FIRST_OBSERVED_ADVERTISED,OBSERVED_MARKET_EXIT_NOT_CONFIRMED_SALE
Carada Auto Trading Ltd,48,902600.0,17250.0,75.5,138.0,5,5,8,5,24,10,8,16,0,12,17,13,10,27,147,99,61.0,92,12,0.13043478260869565,DAYS_SINCE_FIRST_OBSERVED_ADVERTISED,OBSERVED_MARKET_EXIT_NOT_CONFIRMED_SALE
Karakulle Cars 1,48,645660.0,12620.0,120.0,183.5,0,1,10,7,27,25,2,3,3,9,33,2,10,18,78,30,118.0,50,18,0.36,DAYS_SINCE_FIRST_OBSERVED_ADVERTISED,OBSERVED_MARKET_EXIT_NOT_CONFIRMED_SALE
AVM AVTOMARKET,47,900950.0,16000.0,132.0,260.0,5,3,8,2,12,9,9,4,17,9,12,2,10,37,273,224,17.0,225,50,0.2222222222222222,DAYS_SINCE_FIRST_OBSERVED_ADVERTISED,OBSERVED_MARKET_EXIT_NOT_CONFIRMED_SALE
Altıntug Cars,47,897400.0,18000.0,75.0,138.5,7,10,4,7,18,16,8,8,1,10,21,6,8,26,163,114,26.0,143,42,0.2937062937062937,DAYS_SINCE_FIRST_OBSERVED_ADVERTISED,OBSERVED_MARKET_EXIT_NOT_CONFIRMED_SALE
Soykan Oto Galeri,45,861270.0,17000.0,124.0,124.0,1,2,2,1,34,10,8,10,2,5,24,11,7,20,504,459,9.0,452,23,0.05088495575221239,DAYS_SINCE_FIRST_OBSERVED_ADVERTISED,OBSERVED_MARKET_EXIT_NOT_CONFIRMED_SALE
AUTOPORT CAR LTD,44,1111800.0,24500.0,198.5,260.0,1,8,6,1,25,9,5,12,5,9,21,8,11,35,67,22,65.0,34,2,0.058823529411764705,DAYS_SINCE_FIRST_OBSERVED_ADVERTISED,OBSERVED_MARKET_EXIT_NOT_CONFIRMED_SALE
Auto Market,44,973550.0,22250.0,117.0,260.0,1,3,5,5,26,20,3,10,3,6,24,8,13,34,131,86,47.5,78,11,0.14102564102564102,DAYS_SINCE_FIRST_OBSERVED_ADVERTISED,OBSERVED_MARKET_EXIT_NOT_CONFIRMED_SALE
Boss Luxury Motors,44,1034000.0,22500.0,85.5,183.0,1,8,10,2,19,5,4,18,10,7,16,10,11,35,122,78,39.0,96,2,0.020833333333333332,DAYS_SINCE_FIRST_OBSERVED_ADVERTISED,OBSERVED_MARKET_EXIT_NOT_CONFIRMED_SALE
Prestige Cars Sales Ltd.,43,1185957.0,12999.0,114.0,212.5,2,0,4,5,23,6,4,5,16,5,24,4,17,37,133,90,43.5,88,7,0.07954545454545454,DAYS_SINCE_FIRST_OBSERVED_ADVERTISED,OBSERVED_MARKET_EXIT_NOT_CONFIRMED_SALE
Auto Deaf,42,581458.0,14375.0,39.0,65.75,7,7,10,3,9,14,3,2,5,20,13,0,12,32,248,200,27.0,199,70,0.35175879396984927,DAYS_SINCE_FIRST_OBSERVED_ADVERTISED,OBSERVED_MARKET_EXIT_NOT_CONFIRMED_SALE
Tasaş Oto Galeri,42,1165100.0,18000.0,83.0,167.0,1,7,6,2,25,3,5,19,3,5,22,11,8,17,107,65,60.0,59,11,0.1864406779661017,DAYS_SINCE_FIRST_OBSERVED_ADVERTISED,OBSERVED_MARKET_EXIT_NOT_CONFIRMED_SALE
Coşkun Serhat Otomotiv,41,439449.0,8250.0,15.0,99.0,14,5,2,1,12,8,5,4,14,8,10,3,17,34,162,121,39.0,144,4,0.027777777777777776,DAYS_SINCE_FIRST_OBSERVED_ADVERTISED,OBSERVED_MARKET_EXIT_NOT_CONFIRMED_SALE
Cömerttürk Otomotiv,41,481095.0,11500.0,127.0,260.0,8,2,6,4,18,14,7,7,8,10,15,7,13,31,75,34,56.5,33,1,0.030303030303030304,DAYS_SINCE_FIRST_OBSERVED_ADVERTISED,OBSERVED_MARKET_EXIT_NOT_CONFIRMED_SALE
Borusan Oto Kıbrıs | Kullanılmış Oto,39,1692750.0,33500.0,224.0,260.0,1,2,3,1,27,8,6,5,11,5,23,5,11,25,56,17,63.0,32,13,0.40625,DAYS_SINCE_FIRST_OBSERVED_ADVERTISED,OBSERVED_MARKET_EXIT_NOT_CONFIRMED_SALE
Carly Autos,39,1080150.0,23500.0,204.0,260.0,2,1,2,1,28,12,4,9,3,4,20,9,12,30,74,34,44.5,37,3,0.08108108108108109,DAYS_SINCE_FIRST_OBSERVED_ADVERTISED,OBSERVED_MARKET_EXIT_NOT_CONFIRMED_SALE
Güldür Otomotiv,38,853294.0,14200.0,113.0,204.75,5,3,7,1,19,8,5,6,3,10,14,6,11,25,165,126,53.5,124,3,0.024193548387096774,DAYS_SINCE_FIRST_OBSERVED_ADVERTISED,OBSERVED_MARKET_EXIT_NOT_CONFIRMED_SALE
Maraş Motors,38,971170.0,26200.0,64.5,83.0,2,9,14,3,10,10,9,7,1,13,13,3,9,27,181,143,49.0,143,29,0.20279720279720279,DAYS_SINCE_FIRST_OBSERVED_ADVERTISED,OBSERVED_MARKET_EXIT_NOT_CONFIRMED_SALE
SIRALI MOTORS LTD,38,723999.0,17000.0,167.5,179.0,3,2,2,0,28,2,4,14,6,3,18,12,16,31,74,35,76.0,54,14,0.25925925925925924,DAYS_SINCE_FIRST_OBSERVED_ADVERTISED,OBSERVED_MARKET_EXIT_NOT_CONFIRMED_SALE
CELIKKAYA MOTORS,36,974500.0,20250.0,138.0,249.5,3,2,2,4,25,17,4,5,2,2,24,5,9,30,158,121,55.0,97,28,0.28865979381443296,DAYS_SINCE_FIRST_OBSERVED_ADVERTISED,OBSERVED_MARKET_EXIT_NOT_CONFIRMED_SALE
Semira Motors Ltd,36,903750.0,18500.0,2.0,2.0,33,0,0,0,0,8,3,8,1,16,2,0,12,28,38,2,1.0,36,0,0.0,DAYS_SINCE_FIRST_OBSERVED_ADVERTISED,OBSERVED_MARKET_EXIT_NOT_CONFIRMED_SALE
4x4 Özbek Motors,34,426382.0,8999.0,61.0,180.5,1,4,12,1,14,1,4,13,4,12,10,6,16,26,108,74,45.5,76,15,0.19736842105263158,DAYS_SINCE_FIRST_OBSERVED_ADVERTISED,OBSERVED_MARKET_EXIT_NOT_CONFIRMED_SALE
Any Cars,34,473289.0,11750.0,181.0,260.0,1,1,2,1,25,5,1,8,10,3,18,8,16,32,95,61,74.0,50,10,0.2,DAYS_SINCE_FIRST_OBSERVED_ADVERTISED,OBSERVED_MARKET_EXIT_NOT_CONFIRMED_SALE
Arsi Motors,34,559230.0,11700.0,166.0,260.0,1,0,4,0,15,5,5,5,14,4,10,5,13,28,80,45,46.0,42,3,0.07142857142857142,DAYS_SINCE_FIRST_OBSERVED_ADVERTISED,OBSERVED_MARKET_EXIT_NOT_CONFIRMED_SALE
GLOOSY MOTORS,33,667000.0,19700.0,69.0,92.0,3,3,11,4,12,13,4,3,1,12,15,1,10,21,232,199,10.0,216,42,0.19444444444444445,DAYS_SINCE_FIRST_OBSERVED_ADVERTISED,OBSERVED_MARKET_EXIT_NOT_CONFIRMED_SALE
Auto Trend,32,1387850.0,46450.0,96.5,156.25,2,2,6,0,14,7,1,2,11,5,14,1,15,29,128,95,35.0,91,11,0.12087912087912088,DAYS_SINCE_FIRST_OBSERVED_ADVERTISED,OBSERVED_MARKET_EXIT_NOT_CONFIRMED_SALE
Lansman Cars,32,711382.0,17999.5,37.5,72.5,5,7,7,1,6,6,4,4,5,12,5,3,11,25,175,143,28.0,129,32,0.24806201550387597,DAYS_SINCE_FIRST_OBSERVED_ADVERTISED,OBSERVED_MARKET_EXIT_NOT_CONFIRMED_SALE
Akın Motors,30,619500.0,16700.0,49.0,72.25,4,10,8,2,6,3,4,5,2,11,7,2,10,21,98,67,46.0,71,11,0.15492957746478872,DAYS_SINCE_FIRST_OBSERVED_ADVERTISED,OBSERVED_MARKET_EXIT_NOT_CONFIRMED_SALE
Coşkun&Nur; Otomotiv,30,427200.0,13550.0,49.5,97.0,5,4,8,3,10,9,4,4,2,14,11,2,8,16,123,93,40.0,99,7,0.0707070707070707,DAYS_SINCE_FIRST_OBSERVED_ADVERTISED,OBSERVED_MARKET_EXIT_NOT_CONFIRMED_SALE
Ersalıcı Otomotiv,30,475000.0,13500.0,218.0,260.0,0,2,5,0,20,2,2,14,4,5,10,11,11,24,44,10,78.5,23,2,0.08695652173913043,DAYS_SINCE_FIRST_OBSERVED_ADVERTISED,OBSERVED_MARKET_EXIT_NOT_CONFIRMED_SALE
Artesa Ltd.,29,903265.0,26530.0,55.0,58.0,2,5,10,3,2,1,1,17,7,9,3,5,7,19,46,12,15.5,46,2,0.043478260869565216,DAYS_SINCE_FIRST_OBSERVED_ADVERTISED,OBSERVED_MARKET_EXIT_NOT_CONFIRMED_SALE
Kombos Girne,29,1546100.0,36800.0,55.0,123.0,1,2,13,0,11,6,2,3,5,13,10,1,6,19,77,48,45.0,68,11,0.16176470588235295,DAYS_SINCE_FIRST_OBSERVED_ADVERTISED,OBSERVED_MARKET_EXIT_NOT_CONFIRMED_SALE
Mustafa Üstüner Otomotiv,29,365900.0,6250.0,146.0,260.0,1,0,1,3,21,2,6,10,3,1,16,9,12,24,118,88,35.0,73,4,0.0547945205479452,DAYS_SINCE_FIRST_OBSERVED_ADVERTISED,OBSERVED_MARKET_EXIT_NOT_CONFIRMED_SALE
Nippon,28,659500.0,17500.0,147.0,255.5,1,1,4,1,18,6,6,3,7,5,16,3,12,24,96,66,44.5,60,23,0.38333333333333336,DAYS_SINCE_FIRST_OBSERVED_ADVERTISED,OBSERVED_MARKET_EXIT_NOT_CONFIRMED_SALE
ÇANGAR MOTORS 2.EL,28,539000.0,16000.0,106.0,195.0,1,2,3,5,14,5,2,12,5,4,10,10,10,18,75,47,37.0,56,0,0.0,DAYS_SINCE_FIRST_OBSERVED_ADVERTISED,OBSERVED_MARKET_EXIT_NOT_CONFIRMED_SALE
Best Autos,27,701495.0,29000.0,260.0,260.0,0,0,0,0,26,1,5,10,3,0,16,10,10,22,46,15,107.0,19,1,0.05263157894736842,DAYS_SINCE_FIRST_OBSERVED_ADVERTISED,OBSERVED_MARKET_EXIT_NOT_CONFIRMED_SALE
CarPark,27,1415900.0,47400.0,83.0,161.0,5,3,1,3,12,0,3,12,4,1,11,7,8,23,109,80,39.0,93,17,0.1827956989247312,DAYS_SINCE_FIRST_OBSERVED_ADVERTISED,OBSERVED_MARKET_EXIT_NOT_CONFIRMED_SALE
Koçak Motors,27,383000.0,6900.0,77.0,113.5,2,1,3,3,11,6,3,5,8,3,9,5,13,22,52,25,71.0,52,3,0.057692307692307696,DAYS_SINCE_FIRST_OBSERVED_ADVERTISED,OBSERVED_MARKET_EXIT_NOT_CONFIRMED_SALE
PERRE MOTORS - GOCER TRADING LTD.,27,640000.0,20000.0,36.0,135.0,5,4,7,3,7,6,6,5,3,9,11,1,12,24,89,62,91.5,67,18,0.26865671641791045,DAYS_SINCE_FIRST_OBSERVED_ADVERTISED,OBSERVED_MARKET_EXIT_NOT_CONFIRMED_SALE
Dünya Oto | Yıldıray Debreli,26,680500.0,19450.0,108.0,185.0,4,2,2,2,15,1,1,10,1,2,15,5,10,21,56,30,53.0,35,6,0.17142857142857143,DAYS_SINCE_FIRST_OBSERVED_ADVERTISED,OBSERVED_MARKET_EXIT_NOT_CONFIRMED_SALE
KUZEY YILDIZI MOTORS,25,503500.0,21000.0,260.0,260.0,1,0,0,0,23,4,0,12,1,1,11,12,8,16,42,16,101.0,7,0,0.0,DAYS_SINCE_FIRST_OBSERVED_ADVERTISED,OBSERVED_MARKET_EXIT_NOT_CONFIRMED_SALE
MFC MOTORS,25,391400.0,13900.0,65.0,211.0,2,6,3,1,10,9,4,1,7,6,10,1,17,22,176,151,18.0,139,3,0.02158273381294964,DAYS_SINCE_FIRST_OBSERVED_ADVERTISED,OBSERVED_MARKET_EXIT_NOT_CONFIRMED_SALE
Rotka Car Trading Ltd,25,822490.0,29999.0,143.0,155.0,0,1,4,4,14,3,3,7,3,3,14,5,10,20,81,55,31.0,64,1,0.015625,DAYS_SINCE_FIRST_OBSERVED_ADVERTISED,OBSERVED_MARKET_EXIT_NOT_CONFIRMED_SALE
Benzincioğlu Oto Galeri,24,1031800.0,44000.0,157.5,260.0,6,4,0,0,12,5,5,4,2,5,8,4,6,15,76,52,32.0,48,3,0.0625,DAYS_SINCE_FIRST_OBSERVED_ADVERTISED,OBSERVED_MARKET_EXIT_NOT_CONFIRMED_SALE
DEMİR AUTO,24,574484.0,18999.0,79.5,147.0,9,1,3,1,10,5,4,3,0,4,8,3,9,15,48,24,32.0,47,13,0.2765957446808511,DAYS_SINCE_FIRST_OBSERVED_ADVERTISED,OBSERVED_MARKET_EXIT_NOT_CONFIRMED_SALE
Gezer Oto Galeri,24,611900.0,23500.0,194.0,260.0,1,0,2,2,17,2,6,6,0,4,13,6,10,20,71,46,26.5,31,5,0.16129032258064516,DAYS_SINCE_FIRST_OBSERVED_ADVERTISED,OBSERVED_MARKET_EXIT_NOT_CONFIRMED_SALE
Karakulle Cars,24,422237.0,13374.5,113.0,145.25,0,0,2,5,12,7,4,4,3,2,14,3,12,18,96,72,39.0,76,36,0.47368421052631576,DAYS_SINCE_FIRST_OBSERVED_ADVERTISED,OBSERVED_MARKET_EXIT_NOT_CONFIRMED_SALE
Kıbrıs Oto Dünyası,24,209200.0,5750.0,68.0,131.25,5,1,4,0,13,1,2,3,3,7,10,3,9,22,178,154,35.5,136,18,0.1323529411764706,DAYS_SINCE_FIRST_OBSERVED_ADVERTISED,OBSERVED_MARKET_EXIT_NOT_CONFIRMED_SALE
STAR AUTO GALERİ,24,334800.0,13900.0,18.0,118.5,3,11,1,1,8,3,5,5,0,8,4,5,7,14,89,65,83.0,57,9,0.15789473684210525,DAYS_SINCE_FIRST_OBSERVED_ADVERTISED,OBSERVED_MARKET_EXIT_NOT_CONFIRMED_SALE
Çağlar Auto,24,267200.0,10750.0,260.0,260.0,4,0,1,0,11,2,5,3,10,1,8,3,12,22,67,43,83.0,26,5,0.19230769230769232,DAYS_SINCE_FIRST_OBSERVED_ADVERTISED,OBSERVED_MARKET_EXIT_NOT_CONFIRMED_SALE
BASRİ ÇELİK AUTO,23,1440800.0,44500.0,67.0,104.0,1,5,3,4,6,4,3,4,4,4,6,4,8,18,90,67,26.0,76,6,0.07894736842105263,DAYS_SINCE_FIRST_OBSERVED_ADVERTISED,OBSERVED_MARKET_EXIT_NOT_CONFIRMED_SALE
Nedim Dağlı Motors,23,428319.0,14990.0,26.0,60.0,6,4,7,1,5,15,3,1,0,12,5,1,8,13,66,43,36.0,44,10,0.22727272727272727,DAYS_SINCE_FIRST_OBSERVED_ADVERTISED,OBSERVED_MARKET_EXIT_NOT_CONFIRMED_SALE
Veezy Car,23,369420.0,12990.0,168.0,230.0,0,3,2,1,17,3,5,3,1,3,15,3,10,20,98,73,63.0,65,10,0.15384615384615385,DAYS_SINCE_FIRST_OBSERVED_ADVERTISED,OBSERVED_MARKET_EXIT_NOT_CONFIRMED_SALE
BEYOĞLU MOTORS,22,442600.0,16200.0,203.0,203.0,0,4,1,0,16,0,5,7,2,2,9,7,7,14,31,9,121.0,31,12,0.3870967741935484,DAYS_SINCE_FIRST_OBSERVED_ADVERTISED,OBSERVED_MARKET_EXIT_NOT_CONFIRMED_SALE
FİCAR AUTOMOTIVE,22,401575.0,14525.0,62.0,62.0,1,1,8,10,2,7,4,0,3,8,12,0,7,8,33,11,15.0,32,5,0.15625,DAYS_SINCE_FIRST_OBSERVED_ADVERTISED,OBSERVED_MARKET_EXIT_NOT_CONFIRMED_SALE
Metsev Oto Galeri,22,272230.0,11995.0,56.0,94.0,3,2,9,1,6,6,3,3,2,9,7,0,8,16,185,162,20.0,163,20,0.12269938650306748,DAYS_SINCE_FIRST_OBSERVED_ADVERTISED,OBSERVED_MARKET_EXIT_NOT_CONFIRMED_SALE
Tiga Trading Co Ltd,22,461000.0,19000.0,84.0,146.0,7,1,2,1,11,4,6,5,0,5,9,4,6,16,69,47,69.0,39,0,0.0,DAYS_SINCE_FIRST_OBSERVED_ADVERTISED,OBSERVED_MARKET_EXIT_NOT_CONFIRMED_SALE
ULUCAYLI BROTHERS MOTORS,22,537668.0,21990.0,141.0,147.0,0,0,1,1,20,6,0,7,0,1,14,7,4,7,23,1,44.0,23,4,0.17391304347826086,DAYS_SINCE_FIRST_OBSERVED_ADVERTISED,OBSERVED_MARKET_EXIT_NOT_CONFIRMED_SALE
Carmart,21,309950.0,14000.0,96.0,126.0,0,1,0,2,10,3,5,1,8,1,11,1,14,21,47,24,62.5,38,10,0.2631578947368421,DAYS_SINCE_FIRST_OBSERVED_ADVERTISED,OBSERVED_MARKET_EXIT_NOT_CONFIRMED_SALE
Kaçar motors,21,338450.0,11990.0,79.0,85.0,2,1,6,2,9,11,3,2,1,7,9,2,9,13,69,46,26.0,62,7,0.11290322580645161,DAYS_SINCE_FIRST_OBSERVED_ADVERTISED,OBSERVED_MARKET_EXIT_NOT_CONFIRMED_SALE
Ş. Göçmen Autos,21,751542.0,34000.0,82.0,189.0,2,1,4,2,12,4,6,4,1,4,11,3,6,16,53,31,71.0,26,2,0.07692307692307693,DAYS_SINCE_FIRST_OBSERVED_ADVERTISED,OBSERVED_MARKET_EXIT_NOT_CONFIRMED_SALE
Autopia Motors,20,518250.0,23900.0,219.0,260.0,0,0,2,1,15,4,2,6,2,2,10,6,11,17,26,6,48.5,11,7,0.6363636363636364,DAYS_SINCE_FIRST_OBSERVED_ADVERTISED,OBSERVED_MARKET_EXIT_NOT_CONFIRMED_SALE
Bar Oto Galeri,20,317850.0,12450.0,129.0,204.0,1,3,4,0,9,2,3,4,6,3,9,2,9,14,53,33,54.0,34,13,0.38235294117647056,DAYS_SINCE_FIRST_OBSERVED_ADVERTISED,OBSERVED_MARKET_EXIT_NOT_CONFIRMED_SALE
Oseco Motors,20,318950.0,16650.0,51.0,153.0,5,4,3,2,5,14,1,0,2,8,7,0,9,15,58,37,46.0,44,7,0.1590909090909091,DAYS_SINCE_FIRST_OBSERVED_ADVERTISED,OBSERVED_MARKET_EXIT_NOT_CONFIRMED_SALE
313 Cars,19,569500.0,23500.0,250.0,260.0,0,0,1,1,14,1,2,7,5,1,8,7,12,17,45,26,43.5,27,10,0.37037037037037035,DAYS_SINCE_FIRST_OBSERVED_ADVERTISED,OBSERVED_MARKET_EXIT_NOT_CONFIRMED_SALE
Cosmos Motors,19,464100.0,16900.0,22.0,143.0,5,6,1,0,5,0,1,10,2,4,3,4,8,15,31,12,135.0,17,0,0.0,DAYS_SINCE_FIRST_OBSERVED_ADVERTISED,OBSERVED_MARKET_EXIT_NOT_CONFIRMED_SALE
Fırat Serhat Motors Ltd,19,603900.0,29000.0,44.0,44.0,0,2,11,2,3,1,2,3,1,12,4,2,6,11,29,10,22.0,27,0,0.0,DAYS_SINCE_FIRST_OBSERVED_ADVERTISED,OBSERVED_MARKET_EXIT_NOT_CONFIRMED_SALE
ORNİTİ & RODEL OTO,19,399750.0,16000.0,260.0,260.0,0,0,1,0,17,1,4,6,2,1,11,6,9,16,21,2,87.0,7,0,0.0,DAYS_SINCE_FIRST_OBSERVED_ADVERTISED,OBSERVED_MARKET_EXIT_NOT_CONFIRMED_SALE
Raylight Autos,19,303450.0,14000.0,39.0,109.5,5,4,1,0,4,4,3,2,6,4,6,0,8,18,52,32,60.5,35,9,0.2571428571428571,DAYS_SINCE_FIRST_OBSERVED_ADVERTISED,OBSERVED_MARKET_EXIT_NOT_CONFIRMED_SALE
YILSAY AUTO,19,446500.0,24000.0,62.0,85.5,3,3,6,2,3,4,6,3,2,9,5,1,9,14,63,44,49.0,56,8,0.14285714285714285,DAYS_SINCE_FIRST_OBSERVED_ADVERTISED,OBSERVED_MARKET_EXIT_NOT_CONFIRMED_SALE
ELMAZOĞLU AUTO,18,674099.0,23450.0,80.0,214.5,2,1,3,1,8,7,2,2,3,3,7,2,10,16,26,8,81.0,17,4,0.23529411764705882,DAYS_SINCE_FIRST_OBSERVED_ADVERTISED,OBSERVED_MARKET_EXIT_NOT_CONFIRMED_SALE
Güreşcioğlu Autos,18,476000.0,16500.0,77.0,173.0,0,2,2,3,10,2,2,5,2,2,12,3,10,14,30,12,40.0,30,5,0.16666666666666666,DAYS_SINCE_FIRST_OBSERVED_ADVERTISED,OBSERVED_MARKET_EXIT_NOT_CONFIRMED_SALE
KAYA MOTORS,18,2101600.0,119900.0,131.0,131.0,1,0,0,2,13,1,2,9,2,0,7,8,7,11,54,20,28.0,54,10,0.18518518518518517,DAYS_SINCE_FIRST_OBSERVED_ADVERTISED,OBSERVED_MARKET_EXIT_NOT_CONFIRMED_SALE
SSY MOTORS,18,435294.0,14150.0,81.0,218.0,0,4,4,0,9,8,2,3,0,7,7,2,5,15,88,70,57.0,59,19,0.3220338983050847,DAYS_SINCE_FIRST_OBSERVED_ADVERTISED,OBSERVED_MARKET_EXIT_NOT_CONFIRMED_SALE
Targa Motors,18,929900.0,53000.0,195.0,260.0,0,1,1,0,14,4,2,2,4,1,12,2,8,15,55,36,51.0,30,2,0.06666666666666667,DAYS_SINCE_FIRST_OBSERVED_ADVERTISED,OBSERVED_MARKET_EXIT_NOT_CONFIRMED_SALE
Velis Motors,18,613000.0,37400.0,67.0,83.75,3,0,8,2,4,6,6,0,3,8,6,0,5,14,34,16,77.5,34,1,0.029411764705882353,DAYS_SINCE_FIRST_OBSERVED_ADVERTISED,OBSERVED_MARKET_EXIT_NOT_CONFIRMED_SALE
ALİNDA OTOMOTİV LTD,17,305760.0,13990.0,147.0,260.0,0,0,3,2,12,8,2,4,1,3,10,4,10,16,59,38,53.0,34,11,0.3235294117647059,DAYS_SINCE_FIRST_OBSERVED_ADVERTISED,OBSERVED_MARKET_EXIT_NOT_CONFIRMED_SALE
Ada Car,17,292000.0,14500.0,112.0,152.0,0,1,5,1,10,5,3,3,1,5,8,3,8,14,65,47,53.0,47,3,0.06382978723404255,DAYS_SINCE_FIRST_OBSERVED_ADVERTISED,OBSERVED_MARKET_EXIT_NOT_CONFIRMED_SALE
Alaman Autos,17,285850.0,14900.0,43.0,62.0,1,1,9,3,1,3,3,0,3,10,3,1,11,16,31,14,36.0,24,0,0.0,DAYS_SINCE_FIRST_OBSERVED_ADVERTISED,OBSERVED_MARKET_EXIT_NOT_CONFIRMED_SALE
Kombos İskele - Mercedes Benz,17,972300.0,51800.0,72.0,198.0,1,1,4,0,8,1,3,4,4,4,7,1,5,16,60,43,35.0,50,7,0.14,DAYS_SINCE_FIRST_OBSERVED_ADVERTISED,OBSERVED_MARKET_EXIT_NOT_CONFIRMED_SALE
M.ÇAPKIN MOTORS,17,353000.0,17000.0,260.0,260.0,0,0,0,0,16,0,0,3,1,0,13,3,9,15,46,29,57.0,18,2,0.1111111111111111,DAYS_SINCE_FIRST_OBSERVED_ADVERTISED,OBSERVED_MARKET_EXIT_NOT_CONFIRMED_SALE
NURÇİN MOTORS,17,245750.0,13500.0,4.0,4.0,12,1,2,0,0,11,1,1,1,10,1,0,7,14,18,1,3.0,18,3,0.16666666666666666,DAYS_SINCE_FIRST_OBSERVED_ADVERTISED,OBSERVED_MARKET_EXIT_NOT_CONFIRMED_SALE
Tamay Çelik Motors,17,816000.0,42000.0,96.0,180.0,0,1,3,5,5,1,1,6,2,2,5,6,6,14,64,46,37.5,50,7,0.14,DAYS_SINCE_FIRST_OBSERVED_ADVERTISED,OBSERVED_MARKET_EXIT_NOT_CONFIRMED_SALE
Vis Motors Trading Ltd,17,389500.0,19000.0,260.0,260.0,0,0,0,0,17,1,6,3,2,0,14,3,8,12,33,16,46.5,12,7,0.5833333333333334,DAYS_SINCE_FIRST_OBSERVED_ADVERTISED,OBSERVED_MARKET_EXIT_NOT_CONFIRMED_SALE
Bernstein Cars & Boats Company,16,362476.0,16500.0,143.0,151.0,0,0,0,0,4,1,0,3,12,0,1,3,5,7,21,2,12.5,21,3,0.14285714285714285,DAYS_SINCE_FIRST_OBSERVED_ADVERTISED,OBSERVED_MARKET_EXIT_NOT_CONFIRMED_SALE
Car-Dan Auto Gallery,16,229700.0,13625.0,54.5,81.25,2,1,6,2,3,6,2,1,2,6,4,1,11,13,44,28,41.0,42,9,0.21428571428571427,DAYS_SINCE_FIRST_OBSERVED_ADVERTISED,OBSERVED_MARKET_EXIT_NOT_CONFIRMED_SALE
DRS MOTORS,16,243750.0,13575.0,16.0,63.25,7,3,1,1,4,9,3,1,0,7,5,0,9,13,88,72,33.0,73,15,0.2054794520547945,DAYS_SINCE_FIRST_OBSERVED_ADVERTISED,OBSERVED_MARKET_EXIT_NOT_CONFIRMED_SALE
Gökhan Çelik Auto,16,172400.0,10700.0,41.0,54.75,4,3,4,1,3,7,1,0,3,4,4,0,10,13,110,94,18.0,100,11,0.11,DAYS_SINCE_FIRST_OBSERVED_ADVERTISED,OBSERVED_MARKET_EXIT_NOT_CONFIRMED_SALE
Hadduroğlu Automotive,16,155750.0,6375.0,79.0,110.0,2,3,3,1,7,3,2,2,2,6,6,2,9,14,261,243,19.0,208,32,0.15384615384615385,DAYS_SINCE_FIRST_OBSERVED_ADVERTISED,OBSERVED_MARKET_EXIT_NOT_CONFIRMED_SALE
Kaya Motors,16,213900.0,14250.0,85.0,85.0,1,0,7,3,5,6,2,0,2,8,8,0,9,15,54,20,28.0,54,10,0.18518518518518517,DAYS_SINCE_FIRST_OBSERVED_ADVERTISED,OBSERVED_MARKET_EXIT_NOT_CONFIRMED_SALE
LINK CARS,16,473000.0,23500.0,260.0,260.0,0,0,0,2,11,3,2,2,4,0,11,2,8,14,24,8,81.0,8,7,0.875,DAYS_SINCE_FIRST_OBSERVED_ADVERTISED,OBSERVED_MARKET_EXIT_NOT_CONFIRMED_SALE
NURKAM AUTO GALERI,16,266160.0,18990.0,110.5,133.25,2,0,2,0,10,3,0,3,2,1,11,1,7,16,75,57,32.0,57,11,0.19298245614035087,DAYS_SINCE_FIRST_OBSERVED_ADVERTISED,OBSERVED_MARKET_EXIT_NOT_CONFIRMED_SALE
BARAN MOTORS,15,273800.0,14900.0,75.0,127.0,2,2,4,1,6,2,7,1,2,5,7,0,8,15,69,54,27.5,57,13,0.22807017543859648,DAYS_SINCE_FIRST_OBSERVED_ADVERTISED,OBSERVED_MARKET_EXIT_NOT_CONFIRMED_SALE
Erim Toycan,15,446000.0,25900.0,199.0,260.0,1,0,0,2,12,5,1,4,2,0,10,4,6,15,26,11,56.0,16,13,0.8125,DAYS_SINCE_FIRST_OBSERVED_ADVERTISED,OBSERVED_MARKET_EXIT_NOT_CONFIRMED_SALE
Fiba Motors,15,330343.0,22999.0,86.0,172.5,1,3,1,2,7,4,3,2,1,2,9,1,8,15,57,42,51.0,42,14,0.3333333333333333,DAYS_SINCE_FIRST_OBSERVED_ADVERTISED,OBSERVED_MARKET_EXIT_NOT_CONFIRMED_SALE
Kerimbey Oto Galeri,15,294500.0,14500.0,74.0,184.5,1,2,3,1,8,2,5,3,1,3,7,3,11,14,51,36,68.0,33,11,0.3333333333333333,DAYS_SINCE_FIRST_OBSERVED_ADVERTISED,OBSERVED_MARKET_EXIT_NOT_CONFIRMED_SALE
POSH CARS,15,279548.0,18500.0,96.0,210.5,5,0,1,1,8,6,2,1,2,2,8,1,8,14,30,15,45.0,14,0,0.0,DAYS_SINCE_FIRST_OBSERVED_ADVERTISED,OBSERVED_MARKET_EXIT_NOT_CONFIRMED_SALE
ULUHAN AUTOS LIMITED,15,686600.0,44900.0,65.0,65.5,3,3,5,1,2,1,1,5,2,5,3,2,6,11,21,5,40.0,21,1,0.047619047619047616,DAYS_SINCE_FIRST_OBSERVED_ADVERTISED,OBSERVED_MARKET_EXIT_NOT_CONFIRMED_SALE
Gani Cars,14,145280.0,9250.0,67.0,92.75,1,0,3,2,7,1,2,2,1,4,6,3,9,10,79,65,63.0,45,0,0.0,DAYS_SINCE_FIRST_OBSERVED_ADVERTISED,OBSERVED_MARKET_EXIT_NOT_CONFIRMED_SALE
LANDMAX OTO GALERİ,14,259000.0,16250.0,260.0,260.0,0,0,0,0,12,0,1,6,4,0,7,5,9,14,23,8,36.0,4,2,0.5,DAYS_SINCE_FIRST_OBSERVED_ADVERTISED,OBSERVED_MARKET_EXIT_NOT_CONFIRMED_SALE
LEO-CAR,14,187150.0,14400.0,72.5,213.75,1,2,2,3,4,0,4,3,2,3,4,3,6,10,50,31,47.0,34,8,0.23529411764705882,DAYS_SINCE_FIRST_OBSERVED_ADVERTISED,OBSERVED_MARKET_EXIT_NOT_CONFIRMED_SALE
MİRA MOTORS,14,557500.0,36500.0,42.5,55.25,1,4,7,0,2,0,4,5,1,7,3,0,6,12,47,32,20.0,46,7,0.15217391304347827,DAYS_SINCE_FIRST_OBSERVED_ADVERTISED,OBSERVED_MARKET_EXIT_NOT_CONFIRMED_SALE
Route 66 Motors,14,220250.0,12000.0,147.0,147.0,0,0,0,2,10,1,0,6,4,0,6,6,9,13,17,2,33.5,16,0,0.0,DAYS_SINCE_FIRST_OBSERVED_ADVERTISED,OBSERVED_MARKET_EXIT_NOT_CONFIRMED_SALE
TEZAY MOTORS,14,215760.0,15495.0,84.5,122.75,0,1,2,3,7,1,0,5,2,1,5,6,6,9,31,16,65.0,25,8,0.32,DAYS_SINCE_FIRST_OBSERVED_ADVERTISED,OBSERVED_MARKET_EXIT_NOT_CONFIRMED_SALE
Tay Co Ltd,14,199350.0,9375.0,260.0,260.0,0,0,0,0,14,1,3,5,2,0,9,5,10,12,30,16,106.0,5,0,0.0,DAYS_SINCE_FIRST_OBSERVED_ADVERTISED,OBSERVED_MARKET_EXIT_NOT_CONFIRMED_SALE
intimate cars,14,424600.0,14700.0,260.0,260.0,0,0,0,0,14,3,2,3,0,0,11,3,8,11,19,5,15.0,4,1,0.25,DAYS_SINCE_FIRST_OBSERVED_ADVERTISED,OBSERVED_MARKET_EXIT_NOT_CONFIRMED_SALE
İlkay Motors,14,493000.0,45000.0,135.0,179.25,4,0,0,0,10,1,0,8,1,2,5,6,4,11,21,7,57.0,20,0,0.0,DAYS_SINCE_FIRST_OBSERVED_ADVERTISED,OBSERVED_MARKET_EXIT_NOT_CONFIRMED_SALE
AZAR HAZAR MOTORS,13,186750.0,15750.0,30.0,42.0,0,0,0,0,0,0,0,0,12,1,0,0,6,13,44,31,44.0,43,13,0.3023255813953488,DAYS_SINCE_FIRST_OBSERVED_ADVERTISED,OBSERVED_MARKET_EXIT_NOT_CONFIRMED_SALE
Aksu Cars,13,523000.0,35900.0,104.0,146.0,2,3,1,0,7,6,2,2,1,2,5,2,8,13,51,38,32.0,36,13,0.3611111111111111,DAYS_SINCE_FIRST_OBSERVED_ADVERTISED,OBSERVED_MARKET_EXIT_NOT_CONFIRMED_SALE
Başaran Automotive,13,204899.0,12500.0,37.0,37.0,0,0,12,0,0,1,2,4,1,9,3,0,8,11,16,2,15.5,16,5,0.3125,DAYS_SINCE_FIRST_OBSERVED_ADVERTISED,OBSERVED_MARKET_EXIT_NOT_CONFIRMED_SALE
DAĞSEVER OTO GALERİ,13,381200.0,18900.0,81.0,119.0,1,1,5,0,4,1,2,3,3,4,5,0,7,11,62,49,50.0,51,5,0.09803921568627451,DAYS_SINCE_FIRST_OBSERVED_ADVERTISED,OBSERVED_MARKET_EXIT_NOT_CONFIRMED_SALE
Kıbrıs Auto,13,426750.0,26000.0,18.0,21.0,3,3,1,0,0,3,1,0,4,5,0,0,10,11,15,0,,15,0,0.0,DAYS_SINCE_FIRST_OBSERVED_ADVERTISED,OBSERVED_MARKET_EXIT_NOT_CONFIRMED_SALE
Nasyonel Motors,13,166996.0,10499.0,57.0,70.0,1,1,3,0,2,4,0,0,6,4,2,0,8,12,35,20,17.0,32,8,0.25,DAYS_SINCE_FIRST_OBSERVED_ADVERTISED,OBSERVED_MARKET_EXIT_NOT_CONFIRMED_SALE
İncars Auto Trd Ltd,13,184150.0,13000.0,85.0,127.0,1,2,2,1,7,4,3,0,0,3,8,0,5,12,29,16,37.5,24,10,0.4166666666666667,DAYS_SINCE_FIRST_OBSERVED_ADVERTISED,OBSERVED_MARKET_EXIT_NOT_CONFIRMED_SALE
AUTO ABİÇ,12,172250.0,13500.0,65.0,111.0,0,0,5,2,4,1,6,1,1,5,5,1,5,9,28,16,32.0,28,0,0.0,DAYS_SINCE_FIRST_OBSERVED_ADVERTISED,OBSERVED_MARKET_EXIT_NOT_CONFIRMED_SALE
Atensa Motors Ltd,12,206600.0,13250.0,260.0,260.0,0,0,2,1,9,2,4,0,1,2,10,0,5,10,36,23,50.0,21,3,0.14285714285714285,DAYS_SINCE_FIRST_OBSERVED_ADVERTISED,OBSERVED_MARKET_EXIT_NOT_CONFIRMED_SALE
Demiroğulları Motors,12,157500.0,10250.0,116.0,116.0,0,0,1,1,9,0,2,5,1,2,5,5,11,12,13,0,,13,0,0.0,DAYS_SINCE_FIRST_OBSERVED_ADVERTISED,OBSERVED_MARKET_EXIT_NOT_CONFIRMED_SALE
KURUÇEŞME OTOMOTİV,12,249000.0,20500.0,147.0,147.0,0,0,0,0,10,1,0,6,3,0,4,6,6,7,12,0,,11,0,0.0,DAYS_SINCE_FIRST_OBSERVED_ADVERTISED,OBSERVED_MARKET_EXIT_NOT_CONFIRMED_SALE
Karalım Motors,12,363600.0,18875.0,30.0,30.0,1,5,4,0,0,0,2,2,4,4,2,0,8,11,18,6,6.0,17,4,0.23529411764705882,DAYS_SINCE_FIRST_OBSERVED_ADVERTISED,OBSERVED_MARKET_EXIT_NOT_CONFIRMED_SALE
ÖMF MOTORS LTD.,12,151039.0,9225.0,23.5,117.5,1,5,1,1,2,5,0,0,4,2,3,0,9,12,48,35,48.0,37,12,0.32432432432432434,DAYS_SINCE_FIRST_OBSERVED_ADVERTISED,OBSERVED_MARKET_EXIT_NOT_CONFIRMED_SALE
Özkırıcı Motors Ltd.,12,249200.0,17250.0,72.5,130.0,3,0,3,2,3,1,1,6,2,4,1,4,7,12,123,108,30.5,97,10,0.10309278350515463,DAYS_SINCE_FIRST_OBSERVED_ADVERTISED,OBSERVED_MARKET_EXIT_NOT_CONFIRMED_SALE
Freecar Oto Galeri,11,200820.0,14500.0,43.0,47.5,0,4,5,1,1,1,3,3,1,5,3,0,8,11,16,5,13.0,16,0,0.0,DAYS_SINCE_FIRST_OBSERVED_ADVERTISED,OBSERVED_MARKET_EXIT_NOT_CONFIRMED_SALE
Oto Terminal,11,154800.0,11000.0,112.0,236.0,1,1,1,1,5,0,2,2,3,1,4,2,8,10,33,21,41.0,16,2,0.125,DAYS_SINCE_FIRST_OBSERVED_ADVERTISED,OBSERVED_MARKET_EXIT_NOT_CONFIRMED_SALE
Royalking Motors,11,300600.0,10900.0,71.0,71.0,1,0,2,3,4,5,2,2,1,2,7,0,7,11,21,9,57.0,10,0,0.0,DAYS_SINCE_FIRST_OBSERVED_ADVERTISED,OBSERVED_MARKET_EXIT_NOT_CONFIRMED_SALE
Vardem Oto,11,228398.0,19000.0,67.0,159.5,3,1,1,0,4,4,2,0,3,3,4,0,8,10,19,8,51.5,19,9,0.47368421052631576,DAYS_SINCE_FIRST_OBSERVED_ADVERTISED,OBSERVED_MARKET_EXIT_NOT_CONFIRMED_SALE
İYS Motors,11,695838.0,25900.0,233.0,233.0,2,0,0,0,9,3,1,2,1,2,7,2,6,10,26,15,79.0,19,1,0.05263157894736842,DAYS_SINCE_FIRST_OBSERVED_ADVERTISED,OBSERVED_MARKET_EXIT_NOT_CONFIRMED_SALE
3K AUTOS,10,255500.0,25000.0,195.0,207.5,0,0,0,0,10,0,2,2,0,0,8,2,3,8,30,20,71.0,20,3,0.15,DAYS_SINCE_FIRST_OBSERVED_ADVERTISED,OBSERVED_MARKET_EXIT_NOT_CONFIRMED_SALE
Ahel Oto,10,173900.0,21000.0,115.5,139.75,1,0,0,3,4,3,1,3,2,0,4,3,6,8,18,8,43.5,16,8,0.5,DAYS_SINCE_FIRST_OBSERVED_ADVERTISED,OBSERVED_MARKET_EXIT_NOT_CONFIRMED_SALE
Atak Oto Galeri,10,296899.0,19449.5,36.5,37.0,2,0,5,1,2,2,0,3,1,5,2,2,7,10,39,28,84.0,17,0,0.0,DAYS_SINCE_FIRST_OBSERVED_ADVERTISED,OBSERVED_MARKET_EXIT_NOT_CONFIRMED_SALE
Carcy Motors,10,196400.0,17000.0,207.5,260.0,0,1,2,0,7,1,4,4,0,1,6,2,6,8,36,26,164.0,8,2,0.25,DAYS_SINCE_FIRST_OBSERVED_ADVERTISED,OBSERVED_MARKET_EXIT_NOT_CONFIRMED_SALE
Dümenci Motors,10,163500.0,15750.0,133.0,260.0,0,0,2,2,6,1,0,2,2,1,8,1,7,8,36,26,32.0,23,5,0.21739130434782608,DAYS_SINCE_FIRST_OBSERVED_ADVERTISED,OBSERVED_MARKET_EXIT_NOT_CONFIRMED_SALE
E-Garaj Kıbrıs,10,217000.0,20500.0,221.5,239.0,0,0,2,0,8,0,4,2,1,2,6,2,5,9,26,15,87.0,16,7,0.4375,DAYS_SINCE_FIRST_OBSERVED_ADVERTISED,OBSERVED_MARKET_EXIT_NOT_CONFIRMED_SALE
ENN-CAR CAR SALES LTD.,10,76241.0,6374.0,87.5,140.0,1,2,2,0,5,4,0,2,1,1,7,0,5,8,72,60,35.0,60,31,0.5166666666666667,DAYS_SINCE_FIRST_OBSERVED_ADVERTISED,OBSERVED_MARKET_EXIT_NOT_CONFIRMED_SALE
Kamil Aydıç Oto Galeri,10,311700.0,28500.0,43.0,49.25,1,3,5,0,0,1,2,4,1,4,2,0,5,8,28,18,26.5,23,2,0.08695652173913043,DAYS_SINCE_FIRST_OBSERVED_ADVERTISED,OBSERVED_MARKET_EXIT_NOT_CONFIRMED_SALE
M DENİZ MOTORS,10,117750.0,8500.0,15.0,94.0,2,4,0,0,4,2,2,1,0,0,4,0,6,8,29,19,40.0,29,4,0.13793103448275862,DAYS_SINCE_FIRST_OBSERVED_ADVERTISED,OBSERVED_MARKET_EXIT_NOT_CONFIRMED_SALE
M. Cangil Auto Trading Ltd.,10,104100.0,9950.0,39.5,206.0,1,0,2,0,1,0,2,2,6,2,0,1,6,9,96,84,68.5,46,13,0.2826086956521739,DAYS_SINCE_FIRST_OBSERVED_ADVERTISED,OBSERVED_MARKET_EXIT_NOT_CONFIRMED_SALE
Sezer Çokyaşar Auto,10,181600.0,16625.0,22.0,25.75,2,6,1,0,0,5,2,0,1,4,0,0,8,10,20,10,17.0,20,5,0.25,DAYS_SINCE_FIRST_OBSERVED_ADVERTISED,OBSERVED_MARKET_EXIT_NOT_CONFIRMED_SALE
TRUST MOTORS LTD,10,168000.0,12000.0,75.0,81.0,0,0,2,1,4,1,1,2,1,3,3,2,6,9,31,21,35.0,24,4,0.16666666666666666,DAYS_SINCE_FIRST_OBSERVED_ADVERTISED,OBSERVED_MARKET_EXIT_NOT_CONFIRMED_SALE
Özok Otomotiv 2. El,10,202000.0,17000.0,56.5,57.0,0,1,3,0,2,1,0,0,5,3,2,0,5,9,12,2,4.0,12,0,0.0,DAYS_SINCE_FIRST_OBSERVED_ADVERTISED,OBSERVED_MARKET_EXIT_NOT_CONFIRMED_SALE
Aras Cars,9,267800.0,19900.0,142.0,181.0,1,0,1,0,6,0,3,0,2,1,6,0,7,9,36,27,39.0,29,14,0.4827586206896552,DAYS_SINCE_FIRST_OBSERVED_ADVERTISED,OBSERVED_MARKET_EXIT_NOT_CONFIRMED_SALE
As Cars ltd.,9,111300.0,13500.0,25.0,25.0,2,3,4,0,0,2,2,0,1,7,0,0,5,7,11,2,13.0,10,0,0.0,DAYS_SINCE_FIRST_OBSERVED_ADVERTISED,OBSERVED_MARKET_EXIT_NOT_CONFIRMED_SALE
Asg Motors,9,146900.0,19000.0,76.0,180.0,2,1,2,0,0,3,2,0,2,2,0,0,7,9,21,11,54.0,21,2,0.09523809523809523,DAYS_SINCE_FIRST_OBSERVED_ADVERTISED,OBSERVED_MARKET_EXIT_NOT_CONFIRMED_SALE
Auto21,9,464000.0,46000.0,260.0,260.0,0,0,1,0,8,0,1,6,0,1,2,6,3,6,12,3,167.0,4,0,0.0,DAYS_SINCE_FIRST_OBSERVED_ADVERTISED,OBSERVED_MARKET_EXIT_NOT_CONFIRMED_SALE
Aydın Automotive,9,195780.0,14900.0,200.0,260.0,0,0,2,0,6,0,1,5,1,2,3,3,8,9,31,21,58.0,21,1,0.047619047619047616,DAYS_SINCE_FIRST_OBSERVED_ADVERTISED,OBSERVED_MARKET_EXIT_NOT_CONFIRMED_SALE
Bafe,9,99247.0,11000.0,21.0,21.0,2,4,1,0,1,4,2,1,1,2,1,0,7,8,15,6,13.5,15,5,0.3333333333333333,DAYS_SINCE_FIRST_OBSERVED_ADVERTISED,OBSERVED_MARKET_EXIT_NOT_CONFIRMED_SALE
KASİDO AUTO,9,60900.0,4250.0,127.0,207.0,1,2,0,0,6,4,0,2,1,1,4,2,7,9,64,55,27.0,49,7,0.14285714285714285,DAYS_SINCE_FIRST_OBSERVED_ADVERTISED,OBSERVED_MARKET_EXIT_NOT_CONFIRMED_SALE
SSC Auto Ltd.,9,841000.0,78000.0,32.0,112.0,4,1,1,0,1,1,1,0,7,1,1,0,2,6,29,19,76.0,25,2,0.08,DAYS_SINCE_FIRST_OBSERVED_ADVERTISED,OBSERVED_MARKET_EXIT_NOT_CONFIRMED_SALE
ATOLL AUTO LTD,8,182898.0,26749.5,35.0,44.0,2,2,4,0,0,2,1,1,1,4,1,0,6,7,11,3,12.0,11,0,0.0,DAYS_SINCE_FIRST_OBSERVED_ADVERTISED,OBSERVED_MARKET_EXIT_NOT_CONFIRMED_SALE
Ali Akın Oto Galeri,8,112500.0,6750.0,15.0,15.0,1,6,0,0,0,0,0,5,1,1,2,0,7,7,8,0,,8,0,0.0,DAYS_SINCE_FIRST_OBSERVED_ADVERTISED,OBSERVED_MARKET_EXIT_NOT_CONFIRMED_SALE
Fırat Prestige Auto,8,180000.0,16500.0,260.0,260.0,0,0,0,0,8,0,0,8,0,0,0,8,4,7,8,0,,0,0,,DAYS_SINCE_FIRST_OBSERVED_ADVERTISED,OBSERVED_MARKET_EXIT_NOT_CONFIRMED_SALE
Genx Autoparts,8,176490.0,16200.0,260.0,260.0,0,0,0,0,6,0,1,4,2,1,3,3,5,6,9,1,139.0,0,0,,DAYS_SINCE_FIRST_OBSERVED_ADVERTISED,OBSERVED_MARKET_EXIT_NOT_CONFIRMED_SALE
Muslu Motors,8,219900.0,24750.0,107.0,184.25,0,2,2,0,4,1,0,3,3,2,6,0,5,8,28,20,47.0,16,5,0.3125,DAYS_SINCE_FIRST_OBSERVED_ADVERTISED,OBSERVED_MARKET_EXIT_NOT_CONFIRMED_SALE
TESME OTOMOTİV,8,286200.0,31450.0,153.5,154.0,0,0,0,2,4,2,1,2,2,0,3,3,6,7,10,2,11.5,10,1,0.1,DAYS_SINCE_FIRST_OBSERVED_ADVERTISED,OBSERVED_MARKET_EXIT_NOT_CONFIRMED_SALE
Talya & Taner Otomotiv LTD,8,169500.0,20250.0,88.5,107.5,2,1,1,0,4,1,0,2,0,2,3,1,5,7,39,30,36.5,31,9,0.2903225806451613,DAYS_SINCE_FIRST_OBSERVED_ADVERTISED,OBSERVED_MARKET_EXIT_NOT_CONFIRMED_SALE
Veneris Auto,8,210100.0,27400.0,29.0,160.0,2,2,0,0,3,4,1,1,1,0,3,0,7,8,21,13,37.0,19,5,0.2631578947368421,DAYS_SINCE_FIRST_OBSERVED_ADVERTISED,OBSERVED_MARKET_EXIT_NOT_CONFIRMED_SALE
Özlü Motors,8,73750.0,8000.0,111.0,111.0,1,2,0,0,5,2,1,4,0,0,1,4,5,8,46,38,26.0,40,1,0.025,DAYS_SINCE_FIRST_OBSERVED_ADVERTISED,OBSERVED_MARKET_EXIT_NOT_CONFIRMED_SALE
ALPIMEX TRADING LTD.,7,107890.0,12000.0,260.0,260.0,0,0,0,0,7,4,1,1,0,0,6,1,5,6,13,4,127.0,2,2,1.0,DAYS_SINCE_FIRST_OBSERVED_ADVERTISED,OBSERVED_MARKET_EXIT_NOT_CONFIRMED_SALE
AS-DEN OTO LTD,7,169000.0,25000.0,85.0,202.5,0,0,2,1,4,1,4,1,0,2,3,2,5,7,17,10,37.0,13,3,0.23076923076923078,DAYS_SINCE_FIRST_OBSERVED_ADVERTISED,OBSERVED_MARKET_EXIT_NOT_CONFIRMED_SALE
Açıkal Motors,7,163497.0,23000.0,144.0,179.0,0,0,0,0,6,3,2,0,1,0,6,0,4,6,9,1,116.0,7,0,0.0,DAYS_SINCE_FIRST_OBSERVED_ADVERTISED,OBSERVED_MARKET_EXIT_NOT_CONFIRMED_SALE
Erbaa Motors Ltd,7,117800.0,13900.0,137.0,240.0,0,0,1,1,4,2,0,0,1,1,5,0,4,6,13,6,87.0,8,4,0.5,DAYS_SINCE_FIRST_OBSERVED_ADVERTISED,OBSERVED_MARKET_EXIT_NOT_CONFIRMED_SALE
Eren Motors,7,156930.0,14990.0,160.0,174.0,3,0,0,0,4,1,2,1,0,1,3,1,7,7,16,9,94.0,11,4,0.36363636363636365,DAYS_SINCE_FIRST_OBSERVED_ADVERTISED,OBSERVED_MARKET_EXIT_NOT_CONFIRMED_SALE
Gökhan Helvacı Motors,7,113000.0,13500.0,132.0,191.5,0,0,0,0,7,5,2,0,0,0,7,0,3,5,103,81,3.0,103,0,0.0,DAYS_SINCE_FIRST_OBSERVED_ADVERTISED,OBSERVED_MARKET_EXIT_NOT_CONFIRMED_SALE
Okanar Automotive,7,109730.0,14500.0,25.0,180.5,1,1,2,0,3,0,0,2,0,1,5,0,4,5,14,7,71.0,12,3,0.25,DAYS_SINCE_FIRST_OBSERVED_ADVERTISED,OBSERVED_MARKET_EXIT_NOT_CONFIRMED_SALE
Paddock Automobile,7,158000.0,23000.0,20.0,190.0,0,4,0,0,3,4,0,2,0,2,2,1,2,4,25,18,42.5,23,0,0.0,DAYS_SINCE_FIRST_OBSERVED_ADVERTISED,OBSERVED_MARKET_EXIT_NOT_CONFIRMED_SALE
Teker Oto,7,122000.0,19000.0,50.0,141.0,1,0,4,0,2,2,2,1,1,4,2,0,5,7,31,21,62.0,18,4,0.2222222222222222,DAYS_SINCE_FIRST_OBSERVED_ADVERTISED,OBSERVED_MARKET_EXIT_NOT_CONFIRMED_SALE
Turgay Ersalıcı Oto Galeri,7,224500.0,22000.0,183.0,183.0,0,0,0,0,7,1,2,2,1,0,5,2,5,7,33,25,40.0,33,0,0.0,DAYS_SINCE_FIRST_OBSERVED_ADVERTISED,OBSERVED_MARKET_EXIT_NOT_CONFIRMED_SALE
Özsusuzlu Car Sales,7,248900.0,41000.0,67.0,161.0,0,1,1,0,1,0,0,1,3,1,1,0,5,7,27,20,49.5,18,1,0.05555555555555555,DAYS_SINCE_FIRST_OBSERVED_ADVERTISED,OBSERVED_MARKET_EXIT_NOT_CONFIRMED_SALE
Akkaya Motors,6,65900.0,10975.0,183.0,240.75,0,0,0,0,4,2,0,1,1,0,3,1,6,6,22,16,80.0,11,1,0.09090909090909091,DAYS_SINCE_FIRST_OBSERVED_ADVERTISED,OBSERVED_MARKET_EXIT_NOT_CONFIRMED_SALE
Aquasun Motors,6,247100.0,42000.0,260.0,260.0,0,0,0,0,5,0,2,2,1,0,3,2,5,6,10,4,38.5,3,1,0.3333333333333333,DAYS_SINCE_FIRST_OBSERVED_ADVERTISED,OBSERVED_MARKET_EXIT_NOT_CONFIRMED_SALE
BAYHAN AUTOS,6,50900.0,6500.0,37.0,37.0,1,1,4,0,0,1,1,0,2,5,0,0,5,6,33,27,22.0,25,9,0.36,DAYS_SINCE_FIRST_OBSERVED_ADVERTISED,OBSERVED_MARKET_EXIT_NOT_CONFIRMED_SALE
BS Motors,6,152230.0,28995.0,29.0,29.0,0,5,1,0,0,1,1,2,0,3,1,0,3,4,12,6,76.5,8,0,0.0,DAYS_SINCE_FIRST_OBSERVED_ADVERTISED,OBSERVED_MARKET_EXIT_NOT_CONFIRMED_SALE
Bravo cars,6,367799.0,57949.5,30.0,34.0,1,2,3,0,0,2,0,0,0,4,0,0,3,6,14,8,7.5,13,2,0.15384615384615385,DAYS_SINCE_FIRST_OBSERVED_ADVERTISED,OBSERVED_MARKET_EXIT_NOT_CONFIRMED_SALE
Car Guru Motors,6,207400.0,16000.0,70.0,149.5,2,0,0,2,2,0,1,0,0,0,4,0,5,6,11,3,76.0,7,2,0.2857142857142857,DAYS_SINCE_FIRST_OBSERVED_ADVERTISED,OBSERVED_MARKET_EXIT_NOT_CONFIRMED_SALE
Carlot Auto,6,116100.0,14700.0,260.0,260.0,0,0,0,0,6,1,1,3,0,0,3,3,5,6,17,11,124.0,0,0,,DAYS_SINCE_FIRST_OBSERVED_ADVERTISED,OBSERVED_MARKET_EXIT_NOT_CONFIRMED_SALE
Dolular Oto Galeri,6,213500.0,14750.0,161.0,161.0,0,0,0,0,5,0,1,1,1,0,4,1,5,6,24,18,9.0,23,0,0.0,DAYS_SINCE_FIRST_OBSERVED_ADVERTISED,OBSERVED_MARKET_EXIT_NOT_CONFIRMED_SALE
ENVER SOYCAN OTOMOTİV,6,48600.0,5850.0,29.5,44.0,2,1,1,1,0,1,0,0,3,2,0,1,5,6,20,14,27.5,18,4,0.2222222222222222,DAYS_SINCE_FIRST_OBSERVED_ADVERTISED,OBSERVED_MARKET_EXIT_NOT_CONFIRMED_SALE
Garage Auto Gallery,6,40400.0,6000.0,21.0,21.75,3,2,1,0,0,0,0,2,2,2,1,0,5,6,16,10,25.5,15,0,0.0,DAYS_SINCE_FIRST_OBSERVED_ADVERTISED,OBSERVED_MARKET_EXIT_NOT_CONFIRMED_SALE
Genç Motors,6,96500.0,5250.0,187.5,237.0,0,0,1,0,3,0,0,3,2,0,2,2,6,6,23,17,124.0,22,0,0.0,DAYS_SINCE_FIRST_OBSERVED_ADVERTISED,OBSERVED_MARKET_EXIT_NOT_CONFIRMED_SALE
H.BULLICI TRADING LTD,6,70500.0,11000.0,117.0,228.0,1,0,2,0,1,1,1,0,4,3,1,0,4,6,21,11,71.0,12,8,0.6666666666666666,DAYS_SINCE_FIRST_OBSERVED_ADVERTISED,OBSERVED_MARKET_EXIT_NOT_CONFIRMED_SALE
Han~Öz Motors,6,195500.0,34400.0,15.0,171.0,2,2,0,0,1,3,0,3,0,2,1,1,3,6,17,11,174.0,12,1,0.08333333333333333,DAYS_SINCE_FIRST_OBSERVED_ADVERTISED,OBSERVED_MARKET_EXIT_NOT_CONFIRMED_SALE
Hulk Automotive,6,132300.0,15500.0,55.0,55.0,0,1,3,0,0,1,1,2,2,3,0,0,5,6,12,6,53.0,12,4,0.3333333333333333,DAYS_SINCE_FIRST_OBSERVED_ADVERTISED,OBSERVED_MARKET_EXIT_NOT_CONFIRMED_SALE
KAĞAN DAYI AUTO,6,65900.0,7900.0,42.5,54.5,1,2,0,1,2,2,0,1,2,0,3,0,3,5,12,6,24.5,12,3,0.25,DAYS_SINCE_FIRST_OBSERVED_ADVERTISED,OBSERVED_MARKET_EXIT_NOT_CONFIRMED_SALE
Kerberos Cars,6,107200.0,15700.0,35.5,107.0,1,1,1,0,2,3,0,0,1,1,2,0,5,5,18,12,45.0,14,2,0.14285714285714285,DAYS_SINCE_FIRST_OBSERVED_ADVERTISED,OBSERVED_MARKET_EXIT_NOT_CONFIRMED_SALE
Kıbrıs Restorasyon,6,159150.0,23450.0,145.0,199.0,0,0,2,0,4,1,0,2,1,2,3,1,4,5,18,12,49.0,15,8,0.5333333333333333,DAYS_SINCE_FIRST_OBSERVED_ADVERTISED,OBSERVED_MARKET_EXIT_NOT_CONFIRMED_SALE
Mehmet Türkoğlu,6,168877.0,18999.0,87.5,136.5,1,0,2,0,3,4,1,1,0,3,3,0,5,6,36,29,26.0,35,10,0.2857142857142857,DAYS_SINCE_FIRST_OBSERVED_ADVERTISED,OBSERVED_MARKET_EXIT_NOT_CONFIRMED_SALE
POY AUTO,6,64050.0,10250.0,58.0,58.0,1,1,0,1,1,0,0,0,4,0,2,0,6,6,6,0,,6,3,0.5,DAYS_SINCE_FIRST_OBSERVED_ADVERTISED,OBSERVED_MARKET_EXIT_NOT_CONFIRMED_SALE
ÇELİK MOTORS,6,128250.0,24000.0,40.0,52.0,1,1,2,1,1,2,2,0,1,2,2,0,3,4,41,35,39.0,26,5,0.19230769230769232,DAYS_SINCE_FIRST_OBSERVED_ADVERTISED,OBSERVED_MARKET_EXIT_NOT_CONFIRMED_SALE
A. Üçöz Motors,5,91000.0,14500.0,127.0,260.0,1,0,0,0,4,0,1,0,1,1,4,0,4,5,155,150,90.0,134,0,0.0,DAYS_SINCE_FIRST_OBSERVED_ADVERTISED,OBSERVED_MARKET_EXIT_NOT_CONFIRMED_SALE
Akrep & Vaizoğlu Oto Galeri,5,55000.0,9750.0,260.0,260.0,0,1,0,0,4,1,1,1,0,0,3,1,4,5,13,8,69.0,4,0,0.0,DAYS_SINCE_FIRST_OBSERVED_ADVERTISED,OBSERVED_MARKET_EXIT_NOT_CONFIRMED_SALE
Boldline Car,5,86200.0,9500.0,41.0,42.0,1,2,2,0,0,1,1,0,0,3,0,0,5,5,32,27,22.0,31,9,0.2903225806451613,DAYS_SINCE_FIRST_OBSERVED_ADVERTISED,OBSERVED_MARKET_EXIT_NOT_CONFIRMED_SALE
CAR2GO AUTO,5,51300.0,9900.0,67.0,180.0,0,0,0,1,4,1,2,1,0,0,4,1,5,5,18,13,50.0,18,1,0.05555555555555555,DAYS_SINCE_FIRST_OBSERVED_ADVERTISED,OBSERVED_MARKET_EXIT_NOT_CONFIRMED_SALE
CARPLUS MOTORS,5,37990.0,6500.0,139.0,259.0,0,0,1,0,1,0,0,1,3,1,1,0,4,5,21,15,23.0,14,5,0.35714285714285715,DAYS_SINCE_FIRST_OBSERVED_ADVERTISED,OBSERVED_MARKET_EXIT_NOT_CONFIRMED_SALE
CarGet Exclusive,5,227500.0,20000.0,55.0,94.0,2,0,0,2,1,3,0,0,0,0,3,0,4,5,23,18,20.0,19,3,0.15789473684210525,DAYS_SINCE_FIRST_OBSERVED_ADVERTISED,OBSERVED_MARKET_EXIT_NOT_CONFIRMED_SALE
Cyprus Vip Auto,5,190800.0,21500.0,93.0,260.0,0,0,1,0,3,1,2,1,1,1,2,1,5,5,12,7,109.0,7,2,0.2857142857142857,DAYS_SINCE_FIRST_OBSERVED_ADVERTISED,OBSERVED_MARKET_EXIT_NOT_CONFIRMED_SALE
Dream Circle Cars,5,94500.0,15000.0,260.0,260.0,0,0,0,0,5,0,2,2,0,0,3,2,4,5,12,7,174.0,5,0,0.0,DAYS_SINCE_FIRST_OBSERVED_ADVERTISED,OBSERVED_MARKET_EXIT_NOT_CONFIRMED_SALE
E-Mission: Electrified Cars,5,93000.0,16500.0,116.0,127.0,1,1,0,0,1,2,0,1,1,2,1,0,4,5,13,8,56.0,11,3,0.2727272727272727,DAYS_SINCE_FIRST_OBSERVED_ADVERTISED,OBSERVED_MARKET_EXIT_NOT_CONFIRMED_SALE
EVAS,5,66640.0,12900.0,132.0,260.0,0,0,1,0,3,2,1,1,0,1,2,1,3,4,14,8,14.5,8,2,0.25,DAYS_SINCE_FIRST_OBSERVED_ADVERTISED,OBSERVED_MARKET_EXIT_NOT_CONFIRMED_SALE
Efe Altun,5,35000.0,6250.0,7.0,7.0,4,0,0,0,0,1,0,0,1,3,0,0,4,4,29,24,16.0,29,10,0.3448275862068966,DAYS_SINCE_FIRST_OBSERVED_ADVERTISED,OBSERVED_MARKET_EXIT_NOT_CONFIRMED_SALE
FARZ GROUP OF COMPANIES,5,195000.0,40000.0,122.0,131.0,0,0,0,0,1,1,0,0,4,0,1,0,5,5,15,10,113.0,15,0,0.0,DAYS_SINCE_FIRST_OBSERVED_ADVERTISED,OBSERVED_MARKET_EXIT_NOT_CONFIRMED_SALE
GALLER AUTO,5,96900.0,19900.0,50.0,134.0,0,2,0,1,1,0,1,0,1,0,2,0,4,5,26,21,43.0,23,1,0.043478260869565216,DAYS_SINCE_FIRST_OBSERVED_ADVERTISED,OBSERVED_MARKET_EXIT_NOT_CONFIRMED_SALE
Hermes Cars,5,262600.0,28000.0,260.0,260.0,0,0,0,0,3,2,1,2,0,0,1,2,5,5,7,2,72.0,2,0,0.0,DAYS_SINCE_FIRST_OBSERVED_ADVERTISED,OBSERVED_MARKET_EXIT_NOT_CONFIRMED_SALE
Kombos Otomotiv | Jeep,5,194400.0,50800.0,260.0,260.0,0,0,2,0,3,1,0,0,1,2,3,0,1,2,16,11,79.0,8,1,0.125,DAYS_SINCE_FIRST_OBSERVED_ADVERTISED,OBSERVED_MARKET_EXIT_NOT_CONFIRMED_SALE
Koç Brothers Motors,5,60240.0,8500.0,260.0,260.0,0,0,0,0,5,2,0,1,1,0,4,1,5,5,14,9,15.0,3,0,0.0,DAYS_SINCE_FIRST_OBSERVED_ADVERTISED,OBSERVED_MARKET_EXIT_NOT_CONFIRMED_SALE
LUXURY 27 AUTOMOTİVE,5,146500.0,32500.0,25.0,26.0,2,1,1,0,1,1,0,3,0,2,2,1,4,5,121,116,19.0,94,19,0.20212765957446807,DAYS_SINCE_FIRST_OBSERVED_ADVERTISED,OBSERVED_MARKET_EXIT_NOT_CONFIRMED_SALE
Omurtak İşletmeleri LTD.,5,56900.0,9000.0,207.0,257.0,0,0,0,0,4,0,0,2,1,0,2,2,5,5,8,0,,7,0,0.0,DAYS_SINCE_FIRST_OBSERVED_ADVERTISED,OBSERVED_MARKET_EXIT_NOT_CONFIRMED_SALE
Ori Oto Galeri,5,86150.0,14500.0,56.0,62.0,1,0,3,1,0,3,2,0,0,3,1,0,4,5,8,3,55.0,7,0,0.0,DAYS_SINCE_FIRST_OBSERVED_ADVERTISED,OBSERVED_MARKET_EXIT_NOT_CONFIRMED_SALE
UMT Auto Car,5,68850.0,14500.0,117.0,260.0,0,0,0,1,4,1,1,0,0,0,5,0,4,5,9,4,143.0,4,0,0.0,DAYS_SINCE_FIRST_OBSERVED_ADVERTISED,OBSERVED_MARKET_EXIT_NOT_CONFIRMED_SALE
Viano Oto Galeri,5,67700.0,16000.0,260.0,260.0,0,0,0,0,3,2,0,1,1,0,2,1,3,5,8,3,23.0,3,2,0.6666666666666666,DAYS_SINCE_FIRST_OBSERVED_ADVERTISED,OBSERVED_MARKET_EXIT_NOT_CONFIRMED_SALE
ÖZKARAMAN TRADING LTD,5,108800.0,22000.0,44.0,44.0,0,2,2,1,0,2,0,0,1,4,1,0,2,3,6,1,3.0,6,2,0.3333333333333333,DAYS_SINCE_FIRST_OBSERVED_ADVERTISED,OBSERVED_MARKET_EXIT_NOT_CONFIRMED_SALE
İcon Motors,5,223900.0,49500.0,81.0,119.0,1,0,2,1,0,0,0,0,1,2,1,0,3,4,36,31,21.0,29,15,0.5172413793103449,DAYS_SINCE_FIRST_OBSERVED_ADVERTISED,OBSERVED_MARKET_EXIT_NOT_CONFIRMED_SALE
Carshop,4,63500.0,14750.0,220.0,260.0,0,0,0,0,4,1,0,1,0,0,3,1,4,4,10,6,80.0,4,1,0.25,DAYS_SINCE_FIRST_OBSERVED_ADVERTISED,OBSERVED_MARKET_EXIT_NOT_CONFIRMED_SALE
Erdura Auto Zone,4,67500.0,18750.0,53.5,131.0,0,2,0,0,2,2,0,0,0,1,2,0,3,4,12,8,71.5,8,2,0.25,DAYS_SINCE_FIRST_OBSERVED_ADVERTISED,OBSERVED_MARKET_EXIT_NOT_CONFIRMED_SALE
Fatih,4,133499.0,28000.0,26.5,56.75,1,1,0,0,1,0,0,2,2,0,2,0,4,4,9,5,26.0,8,5,0.625,DAYS_SINCE_FIRST_OBSERVED_ADVERTISED,OBSERVED_MARKET_EXIT_NOT_CONFIRMED_SALE
GAZİ S. OTO GALERİ,4,36950.0,8250.0,260.0,260.0,0,0,0,0,4,1,1,2,0,0,2,2,3,4,11,7,20.0,4,1,0.25,DAYS_SINCE_FIRST_OBSERVED_ADVERTISED,OBSERVED_MARKET_EXIT_NOT_CONFIRMED_SALE
Görkem Auto,4,69200.0,17900.0,260.0,260.0,0,0,0,0,3,0,0,2,2,0,1,2,3,4,8,4,79.0,0,0,,DAYS_SINCE_FIRST_OBSERVED_ADVERTISED,OBSERVED_MARKET_EXIT_NOT_CONFIRMED_SALE
Kaan Motors,4,28900.0,5450.0,39.0,109.25,0,0,1,0,1,1,1,0,1,1,1,0,3,4,16,12,30.0,9,0,0.0,DAYS_SINCE_FIRST_OBSERVED_ADVERTISED,OBSERVED_MARKET_EXIT_NOT_CONFIRMED_SALE
M 2 OTO GALERİ,4,99000.0,27000.0,136.5,183.75,0,0,1,0,2,2,0,0,1,1,2,0,4,4,17,13,26.0,15,5,0.3333333333333333,DAYS_SINCE_FIRST_OBSERVED_ADVERTISED,OBSERVED_MARKET_EXIT_NOT_CONFIRMED_SALE
Mebel Oto Galeri,4,92499.0,22750.0,161.5,202.25,1,0,0,0,3,0,0,1,2,0,2,1,3,4,18,14,62.5,13,1,0.07692307692307693,DAYS_SINCE_FIRST_OBSERVED_ADVERTISED,OBSERVED_MARKET_EXIT_NOT_CONFIRMED_SALE
Muhammed KANDEMİR,4,74949.0,11349.5,5.0,27.0,3,0,1,0,0,3,0,1,0,2,0,0,4,4,147,143,11.0,141,62,0.4397163120567376,DAYS_SINCE_FIRST_OBSERVED_ADVERTISED,OBSERVED_MARKET_EXIT_NOT_CONFIRMED_SALE
SADETOĞLU CARS,4,40470.0,9790.0,62.0,96.25,1,0,1,0,0,1,0,0,2,1,0,0,3,4,8,4,43.0,8,7,0.875,DAYS_SINCE_FIRST_OBSERVED_ADVERTISED,OBSERVED_MARKET_EXIT_NOT_CONFIRMED_SALE
SANNAS,4,97300.0,24000.0,44.0,64.25,0,0,3,0,1,1,1,1,0,2,2,0,4,4,7,3,3.0,6,2,0.3333333333333333,DAYS_SINCE_FIRST_OBSERVED_ADVERTISED,OBSERVED_MARKET_EXIT_NOT_CONFIRMED_SALE
SAR-SE AUTO,4,40500.0,11000.0,146.0,174.5,0,0,0,1,3,2,0,1,0,0,3,1,4,4,4,0,,3,0,0.0,DAYS_SINCE_FIRST_OBSERVED_ADVERTISED,OBSERVED_MARKET_EXIT_NOT_CONFIRMED_SALE
Sporcuoğlu Auto Gallery,4,66500.0,14500.0,116.0,192.5,0,0,0,0,4,1,0,2,0,0,2,2,3,4,42,36,114.5,26,0,0.0,DAYS_SINCE_FIRST_OBSERVED_ADVERTISED,OBSERVED_MARKET_EXIT_NOT_CONFIRMED_SALE
TORA MOTORS,4,46000.0,9750.0,111.0,111.0,0,0,0,1,3,1,0,1,0,0,2,2,4,4,4,0,,4,2,0.5,DAYS_SINCE_FIRST_OBSERVED_ADVERTISED,OBSERVED_MARKET_EXIT_NOT_CONFIRMED_SALE
AirMax Auto,3,69000.0,16500.0,180.0,180.5,0,0,1,0,1,1,0,1,0,0,2,0,2,3,5,2,102.5,5,2,0.4,DAYS_SINCE_FIRST_OBSERVED_ADVERTISED,OBSERVED_MARKET_EXIT_NOT_CONFIRMED_SALE
Alsancak Otomotiv,3,78899.0,23900.0,27.0,47.0,1,0,2,0,0,0,0,2,0,1,1,0,3,3,7,4,5.0,7,0,0.0,DAYS_SINCE_FIRST_OBSERVED_ADVERTISED,OBSERVED_MARKET_EXIT_NOT_CONFIRMED_SALE
Carland,3,33000.0,6500.0,119.0,122.5,0,0,0,0,2,0,0,1,1,0,1,1,3,3,17,12,39.0,11,5,0.45454545454545453,DAYS_SINCE_FIRST_OBSERVED_ADVERTISED,OBSERVED_MARKET_EXIT_NOT_CONFIRMED_SALE
Crystal Autos,3,43350.0,18500.0,192.0,192.0,0,0,0,0,3,1,0,1,1,0,2,1,3,3,4,1,46.0,4,0,0.0,DAYS_SINCE_FIRST_OBSERVED_ADVERTISED,OBSERVED_MARKET_EXIT_NOT_CONFIRMED_SALE
Diril Motors,3,75400.0,24500.0,55.0,85.0,1,1,0,0,1,1,0,0,0,2,1,0,2,3,3,0,,3,0,0.0,DAYS_SINCE_FIRST_OBSERVED_ADVERTISED,OBSERVED_MARKET_EXIT_NOT_CONFIRMED_SALE
Gürdağ Motors,3,38750.0,5000.0,29.0,32.5,0,2,0,0,0,2,0,0,1,0,0,0,2,3,11,8,25.0,11,0,0.0,DAYS_SINCE_FIRST_OBSERVED_ADVERTISED,OBSERVED_MARKET_EXIT_NOT_CONFIRMED_SALE
HAPPY CARS,3,100800.0,26000.0,137.0,189.5,0,1,1,0,0,1,0,0,1,2,0,0,2,3,25,22,56.5,18,5,0.2777777777777778,DAYS_SINCE_FIRST_OBSERVED_ADVERTISED,OBSERVED_MARKET_EXIT_NOT_CONFIRMED_SALE
Hikmetoğlu Motors Ltd,3,40750.0,11500.0,17.0,52.5,0,2,0,0,1,3,0,0,0,2,1,0,3,3,24,21,12.0,19,1,0.05263157894736842,DAYS_SINCE_FIRST_OBSERVED_ADVERTISED,OBSERVED_MARKET_EXIT_NOT_CONFIRMED_SALE
KIRANOĞLU - Automotive & Tractors,3,38500.0,13000.0,84.0,99.0,1,0,0,0,1,0,0,1,1,0,1,0,3,3,3,0,,3,0,0.0,DAYS_SINCE_FIRST_OBSERVED_ADVERTISED,OBSERVED_MARKET_EXIT_NOT_CONFIRMED_SALE
KKTC AUTO GARAGE,3,33400.0,12250.0,17.0,23.5,1,1,1,0,0,0,2,0,0,1,0,0,2,3,20,17,61.0,17,3,0.17647058823529413,DAYS_SINCE_FIRST_OBSERVED_ADVERTISED,OBSERVED_MARKET_EXIT_NOT_CONFIRMED_SALE
KOMUTAN OTO GALERİ,3,93900.0,23900.0,258.0,258.0,0,0,0,0,3,2,0,1,0,0,2,1,2,3,168,165,28.0,156,19,0.12179487179487179,DAYS_SINCE_FIRST_OBSERVED_ADVERTISED,OBSERVED_MARKET_EXIT_NOT_CONFIRMED_SALE
MD Auto,3,50500.0,16500.0,40.0,40.0,0,0,3,0,0,2,0,0,1,3,0,0,1,1,4,1,3.0,4,0,0.0,DAYS_SINCE_FIRST_OBSERVED_ADVERTISED,OBSERVED_MARKET_EXIT_NOT_CONFIRMED_SALE
Mutlu Halıcı Auto Galeri,3,35500.0,6500.0,36.0,148.0,1,0,0,1,1,0,0,1,1,0,2,1,3,3,7,4,47.0,6,0,0.0,DAYS_SINCE_FIRST_OBSERVED_ADVERTISED,OBSERVED_MARKET_EXIT_NOT_CONFIRMED_SALE
Qcarz,3,92000.0,32000.0,1.0,10.0,3,0,0,0,0,2,0,0,0,1,0,0,3,3,31,27,29.0,27,0,0.0,DAYS_SINCE_FIRST_OBSERVED_ADVERTISED,OBSERVED_MARKET_EXIT_NOT_CONFIRMED_SALE
Savalan Motors,3,176200.0,27500.0,69.0,69.0,0,0,0,0,2,1,0,1,1,0,1,1,3,3,14,11,15.0,13,1,0.07692307692307693,DAYS_SINCE_FIRST_OBSERVED_ADVERTISED,OBSERVED_MARKET_EXIT_NOT_CONFIRMED_SALE
Smart Autos,3,76500.0,23500.0,192.0,192.0,0,0,0,0,3,0,0,2,0,0,1,2,3,3,30,27,174.0,30,0,0.0,DAYS_SINCE_FIRST_OBSERVED_ADVERTISED,OBSERVED_MARKET_EXIT_NOT_CONFIRMED_SALE
Şeker Auto's,3,26500.0,8000.0,170.0,215.0,0,1,0,1,1,0,1,2,0,0,1,1,3,3,25,22,73.0,17,5,0.29411764705882354,DAYS_SINCE_FIRST_OBSERVED_ADVERTISED,OBSERVED_MARKET_EXIT_NOT_CONFIRMED_SALE
ADEL OTO GALERİ,2,18000.0,9000.0,57.0,57.0,0,0,0,0,1,0,0,0,1,0,1,0,2,2,6,4,50.0,6,2,0.3333333333333333,DAYS_SINCE_FIRST_OBSERVED_ADVERTISED,OBSERVED_MARKET_EXIT_NOT_CONFIRMED_SALE
Adventure Oto Galeri,2,30500.0,15250.0,60.5,69.75,0,1,0,0,0,0,0,1,1,0,0,0,2,2,24,22,35.0,20,4,0.2,DAYS_SINCE_FIRST_OBSERVED_ADVERTISED,OBSERVED_MARKET_EXIT_NOT_CONFIRMED_SALE
Auto123,2,20500.0,10250.0,122.5,125.25,0,0,0,0,2,2,0,0,0,0,2,0,2,2,7,5,49.0,7,4,0.5714285714285714,DAYS_SINCE_FIRST_OBSERVED_ADVERTISED,OBSERVED_MARKET_EXIT_NOT_CONFIRMED_SALE
Capital Auto,2,93000.0,46500.0,111.5,146.75,0,0,1,0,0,0,0,1,1,0,1,0,2,2,15,13,58.0,11,0,0.0,DAYS_SINCE_FIRST_OBSERVED_ADVERTISED,OBSERVED_MARKET_EXIT_NOT_CONFIRMED_SALE
Eminsel Automotive,2,167500.0,83750.0,55.5,55.75,0,0,2,0,0,0,0,1,0,2,0,0,2,2,5,3,143.0,3,0,0.0,DAYS_SINCE_FIRST_OBSERVED_ADVERTISED,OBSERVED_MARKET_EXIT_NOT_CONFIRMED_SALE
Endless Car,2,26850.0,13425.0,71.0,90.5,0,1,0,0,1,1,0,0,0,0,1,0,2,2,19,17,60.0,11,7,0.6363636363636364,DAYS_SINCE_FIRST_OBSERVED_ADVERTISED,OBSERVED_MARKET_EXIT_NOT_CONFIRMED_SALE
GLOBEAUTO ( BTU TRADING LTD.),2,23500.0,11750.0,99.5,110.25,0,0,1,0,0,1,0,1,0,1,0,0,2,2,9,7,44.0,9,6,0.6666666666666666,DAYS_SINCE_FIRST_OBSERVED_ADVERTISED,OBSERVED_MARKET_EXIT_NOT_CONFIRMED_SALE
Güder Motors,2,5740.0,2870.0,244.5,252.25,0,0,0,0,2,0,1,0,1,0,2,0,2,2,36,34,21.0,20,1,0.05,DAYS_SINCE_FIRST_OBSERVED_ADVERTISED,OBSERVED_MARKET_EXIT_NOT_CONFIRMED_SALE
Kanal Autos,2,24500.0,12250.0,23.0,23.0,0,0,2,0,0,1,1,0,0,2,0,0,2,2,25,23,10.0,22,0,0.0,DAYS_SINCE_FIRST_OBSERVED_ADVERTISED,OBSERVED_MARKET_EXIT_NOT_CONFIRMED_SALE
Kuşçu Kardeşler Oto Galeri,2,18000.0,9000.0,260.0,260.0,0,0,0,0,2,0,0,0,0,0,2,0,1,1,2,0,,0,0,,DAYS_SINCE_FIRST_OBSERVED_ADVERTISED,OBSERVED_MARKET_EXIT_NOT_CONFIRMED_SALE
MEHMET ALİ KIRMIZI VE OGULLARI OTOMOTİV LTD,2,39500.0,19750.0,136.5,198.25,1,0,0,0,0,0,0,1,0,1,0,0,2,2,11,9,155.0,7,0,0.0,DAYS_SINCE_FIRST_OBSERVED_ADVERTISED,OBSERVED_MARKET_EXIT_NOT_CONFIRMED_SALE
Megamet,2,24500.0,12250.0,85.0,105.5,0,0,1,0,0,1,0,0,1,1,0,0,2,2,9,7,17.0,9,1,0.1111111111111111,DAYS_SINCE_FIRST_OBSERVED_ADVERTISED,OBSERVED_MARKET_EXIT_NOT_CONFIRMED_SALE
PERİDOT CAR,2,197500.0,98750.0,170.5,202.75,0,0,0,0,2,0,0,1,0,0,1,1,2,2,5,3,25.0,2,1,0.5,DAYS_SINCE_FIRST_OBSERVED_ADVERTISED,OBSERVED_MARKET_EXIT_NOT_CONFIRMED_SALE
SAFE CAR AUTO İSKELE,2,50500.0,25250.0,155.0,207.5,0,0,0,0,1,0,0,0,1,1,1,0,2,2,29,27,18.0,11,0,0.0,DAYS_SINCE_FIRST_OBSERVED_ADVERTISED,OBSERVED_MARKET_EXIT_NOT_CONFIRMED_SALE
TEKSİS OTO,2,41750.0,20875.0,108.0,126.5,0,0,0,0,2,0,2,0,0,0,2,0,2,2,3,1,62.0,3,0,0.0,DAYS_SINCE_FIRST_OBSERVED_ADVERTISED,OBSERVED_MARKET_EXIT_NOT_CONFIRMED_SALE
farhad adelnia,2,17500.0,8750.0,260.0,260.0,0,0,0,0,2,0,0,2,0,0,0,2,2,2,2,0,,0,0,,DAYS_SINCE_FIRST_OBSERVED_ADVERTISED,OBSERVED_MARKET_EXIT_NOT_CONFIRMED_SALE
İYİDOĞAN OTO LTD,2,34500.0,17250.0,29.5,36.75,1,0,1,0,0,1,0,1,0,1,1,0,2,2,19,17,62.0,16,8,0.5,DAYS_SINCE_FIRST_OBSERVED_ADVERTISED,OBSERVED_MARKET_EXIT_NOT_CONFIRMED_SALE
.,1,17500.0,17500.0,260.0,260.0,0,0,0,0,1,0,0,0,0,0,1,0,1,1,1,0,,0,0,,DAYS_SINCE_FIRST_OBSERVED_ADVERTISED,OBSERVED_MARKET_EXIT_NOT_CONFIRMED_SALE
29 Motors,1,49000.0,49000.0,134.0,134.0,0,0,0,0,1,0,1,0,0,0,1,0,1,1,1,0,,1,0,0.0,DAYS_SINCE_FIRST_OBSERVED_ADVERTISED,OBSERVED_MARKET_EXIT_NOT_CONFIRMED_SALE
ALFA AUTO,1,15500.0,15500.0,41.0,41.0,0,0,1,0,0,1,0,0,0,1,0,0,1,1,2,1,29.0,2,0,0.0,DAYS_SINCE_FIRST_OBSERVED_ADVERTISED,OBSERVED_MARKET_EXIT_NOT_CONFIRMED_SALE
Air Auto,1,28250.0,28250.0,218.0,218.0,0,0,0,0,1,0,0,0,0,0,1,0,1,1,13,12,95.5,9,0,0.0,DAYS_SINCE_FIRST_OBSERVED_ADVERTISED,OBSERVED_MARKET_EXIT_NOT_CONFIRMED_SALE
Alan Şenol,1,34500.0,34500.0,260.0,260.0,0,0,0,0,1,0,0,1,0,0,0,1,1,1,1,0,,0,0,,DAYS_SINCE_FIRST_OBSERVED_ADVERTISED,OBSERVED_MARKET_EXIT_NOT_CONFIRMED_SALE
Arsi Motors 2,1,16000.0,16000.0,156.0,156.0,0,0,0,0,1,0,0,1,0,0,0,1,1,1,1,0,,1,0,0.0,DAYS_SINCE_FIRST_OBSERVED_ADVERTISED,OBSERVED_MARKET_EXIT_NOT_CONFIRMED_SALE
Aykut Motors,1,18000.0,18000.0,260.0,260.0,0,0,0,0,1,0,0,0,0,0,1,0,1,1,2,1,65.0,1,0,0.0,DAYS_SINCE_FIRST_OBSERVED_ADVERTISED,OBSERVED_MARKET_EXIT_NOT_CONFIRMED_SALE
Bafra Auto Gallery,1,14250.0,14250.0,119.0,119.0,0,0,0,0,1,0,1,0,0,0,1,0,1,1,18,17,36.0,8,0,0.0,DAYS_SINCE_FIRST_OBSERVED_ADVERTISED,OBSERVED_MARKET_EXIT_NOT_CONFIRMED_SALE
CANSIZ GALERi,1,5500.0,5500.0,167.0,167.0,0,0,0,0,1,0,0,0,0,0,1,0,1,1,4,3,75.0,2,0,0.0,DAYS_SINCE_FIRST_OBSERVED_ADVERTISED,OBSERVED_MARKET_EXIT_NOT_CONFIRMED_SALE
CARHOUSE,1,39000.0,39000.0,6.0,6.0,1,0,0,0,0,0,0,1,0,0,0,0,1,1,1,0,,1,0,0.0,DAYS_SINCE_FIRST_OBSERVED_ADVERTISED,OBSERVED_MARKET_EXIT_NOT_CONFIRMED_SALE
Emre Ay,1,70000.0,70000.0,260.0,260.0,0,0,0,0,1,0,0,1,0,0,0,1,1,1,1,0,,0,0,,DAYS_SINCE_FIRST_OBSERVED_ADVERTISED,OBSERVED_MARKET_EXIT_NOT_CONFIRMED_SALE
Girne Oto Galeri,1,26500.0,26500.0,140.0,140.0,0,0,0,0,1,0,0,1,0,0,0,1,1,1,16,15,26.0,14,0,0.0,DAYS_SINCE_FIRST_OBSERVED_ADVERTISED,OBSERVED_MARKET_EXIT_NOT_CONFIRMED_SALE
GÖKHAN TÜRK MOTORS,1,29900.0,29900.0,11.0,11.0,1,0,0,0,0,0,0,0,1,0,0,0,1,1,21,20,13.0,17,1,0.058823529411764705,DAYS_SINCE_FIRST_OBSERVED_ADVERTISED,OBSERVED_MARKET_EXIT_NOT_CONFIRMED_SALE
Hankor Motors,1,10800.0,10800.0,93.0,93.0,0,0,0,0,0,0,0,0,0,0,0,0,1,1,4,3,72.0,3,1,0.3333333333333333,DAYS_SINCE_FIRST_OBSERVED_ADVERTISED,OBSERVED_MARKET_EXIT_NOT_CONFIRMED_SALE
Karaoğlan Oto,1,22500.0,22500.0,78.0,78.0,0,0,1,0,0,0,0,0,1,1,0,0,1,1,10,8,38.0,2,0,0.0,DAYS_SINCE_FIRST_OBSERVED_ADVERTISED,OBSERVED_MARKET_EXIT_NOT_CONFIRMED_SALE
Kartis Auto Gallery,1,5900.0,5900.0,20.0,20.0,0,1,0,0,0,0,0,0,0,1,0,0,1,1,61,60,17.5,36,12,0.3333333333333333,DAYS_SINCE_FIRST_OBSERVED_ADVERTISED,OBSERVED_MARKET_EXIT_NOT_CONFIRMED_SALE
Lavisram motors,1,8250.0,8250.0,36.0,36.0,0,0,1,0,0,1,0,0,0,1,0,0,1,1,4,3,51.0,4,3,0.75,DAYS_SINCE_FIRST_OBSERVED_ADVERTISED,OBSERVED_MARKET_EXIT_NOT_CONFIRMED_SALE
Novus Ventus Motors,1,12000.0,12000.0,260.0,260.0,0,0,0,0,0,0,0,0,1,0,0,0,1,1,3,2,54.0,0,0,,DAYS_SINCE_FIRST_OBSERVED_ADVERTISED,OBSERVED_MARKET_EXIT_NOT_CONFIRMED_SALE
Pilot Oto,1,19250.0,19250.0,2.0,2.0,1,0,0,0,0,0,0,1,0,0,1,0,1,1,52,51,78.0,34,11,0.3235294117647059,DAYS_SINCE_FIRST_OBSERVED_ADVERTISED,OBSERVED_MARKET_EXIT_NOT_CONFIRMED_SALE
Sems Cars,1,4000.0,4000.0,88.0,88.0,0,0,0,1,0,0,0,0,1,0,1,0,1,1,61,60,61.0,61,6,0.09836065573770492,DAYS_SINCE_FIRST_OBSERVED_ADVERTISED,OBSERVED_MARKET_EXIT_NOT_CONFIRMED_SALE
TARSAL MOTORS,1,14000.0,14000.0,260.0,260.0,0,0,0,0,1,0,0,1,0,0,0,1,1,1,11,10,44.5,0,0,,DAYS_SINCE_FIRST_OBSERVED_ADVERTISED,OBSERVED_MARKET_EXIT_NOT_CONFIRMED_SALE
Tamer Tüm Özdaş Oto Galeri,1,14000.0,14000.0,112.0,112.0,0,0,0,0,0,0,0,0,1,0,0,0,1,1,1,0,,1,0,0.0,DAYS_SINCE_FIRST_OBSERVED_ADVERTISED,OBSERVED_MARKET_EXIT_NOT_CONFIRMED_SALE
Şeref Karaoğlan Motors,1,24500.0,24500.0,260.0,260.0,0,0,0,0,1,0,0,1,0,0,0,1,1,1,5,4,146.5,0,0,,DAYS_SINCE_FIRST_OBSERVED_ADVERTISED,OBSERVED_MARKET_EXIT_NOT_CONFIRMED_SALE
