Brand,Model,VehicleType,BodyStyle,SizeClass,Economy,Luxury,Comfort,Performance,Practicality,Family,Commute,Confidence,Source,ProfileVersion,LastUpdatedUTC
Access,Shade Xtreme 800L,ATV_UTV,ATV_UTV,UNKNOWN,MEDIUM,LOW,LOW,HIGH,MEDIUM,LOW,LOW,MEDIUM,MODEL_PROFILE_AI,1.0,2026-09-04T21:22:10+00:00
Alfa Romeo,Giulietta,CAR,HATCHBACK,COMPACT,MEDIUM,MEDIUM,MEDIUM,HIGH,MEDIUM,MEDIUM,HIGH,HIGH,MODEL_PROFILE_AI,1.0,2026-09-04T21:21:41+00:00
Alfa Romeo,GT,CAR,COUPE,COMPACT,MEDIUM,MEDIUM,MEDIUM,MEDIUM,MEDIUM,LOW,MEDIUM,HIGH,MODEL_PROFILE_AI,1.0,2026-09-04T21:23:33+00:00
Alfa Romeo,Spider,CAR,CONVERTIBLE,COMPACT,MEDIUM,MEDIUM,MEDIUM,HIGH,LOW,LOW,MEDIUM,HIGH,MODEL_PROFILE_AI,1.0,2026-09-04T21:22:00+00:00
Aprilia,Diğer,UNKNOWN,UNKNOWN,UNKNOWN,UNKNOWN,UNKNOWN,UNKNOWN,UNKNOWN,UNKNOWN,UNKNOWN,UNKNOWN,LOW,MODEL_PROFILE_AI,1.0,2026-09-05T06:11:44+00:00
Aprilia,SR 175,SCOOTER,SCOOTER,SMALL,MEDIUM,LOW,MEDIUM,MEDIUM,HIGH,LOW,HIGH,MEDIUM,MODEL_PROFILE_AI,1.0,2026-09-04T21:20:52+00:00
Audi,80 Serisi,CAR,SEDAN,MIDSIZE,MEDIUM,MEDIUM,MEDIUM,MEDIUM,MEDIUM,MEDIUM,MEDIUM,HIGH,MODEL_PROFILE_AI,1.0,2026-09-04T21:23:43+00:00
Audi,A1,CAR,HATCHBACK,SMALL,HIGH,MEDIUM,MEDIUM,MEDIUM,MEDIUM,MEDIUM,HIGH,HIGH,MODEL_PROFILE_AI,1.0,2026-09-04T21:22:00+00:00
Audi,A3,CAR,HATCHBACK,COMPACT,MEDIUM,HIGH,MEDIUM,MEDIUM,MEDIUM,MEDIUM,HIGH,HIGH,MODEL_PROFILE_AI,1.0,2026-09-04T21:20:52+00:00
Audi,A4,CAR,SEDAN,COMPACT,MEDIUM,HIGH,HIGH,MEDIUM,MEDIUM,MEDIUM,HIGH,HIGH,MODEL_PROFILE_AI,1.0,2026-09-04T21:21:31+00:00
Audi,A5,CAR,COUPE,MIDSIZE,MEDIUM,HIGH,HIGH,HIGH,MEDIUM,LOW,MEDIUM,HIGH,MODEL_PROFILE_AI,1.0,2026-09-04T21:21:41+00:00
Audi,A6,CAR,SEDAN,LARGE,MEDIUM,HIGH,HIGH,MEDIUM,MEDIUM,HIGH,MEDIUM,HIGH,MODEL_PROFILE_AI,1.0,2026-09-04T21:23:04+00:00
Audi,A7,CAR,COUPE,LARGE,MEDIUM,HIGH,HIGH,HIGH,MEDIUM,MEDIUM,MEDIUM,HIGH,MODEL_PROFILE_AI,1.0,2026-09-04T21:23:24+00:00
Audi,A8,CAR,SEDAN,LARGE,MEDIUM,HIGH,HIGH,MEDIUM,MEDIUM,MEDIUM,MEDIUM,HIGH,MODEL_PROFILE_AI,1.0,2026-09-04T21:24:14+00:00
Audi,E-Tron,UNKNOWN,SUV,LARGE,MEDIUM,HIGH,HIGH,MEDIUM,HIGH,HIGH,MEDIUM,HIGH,MODEL_PROFILE_AI,1.0,2026-09-04T21:23:53+00:00
Audi,E-Tron GT,CAR,SEDAN,LARGE,MEDIUM,HIGH,HIGH,HIGH,MEDIUM,MEDIUM,MEDIUM,HIGH,MODEL_PROFILE_AI,1.0,2026-09-04T21:24:28+00:00
Audi,Q2,CAR,SUV,COMPACT,MEDIUM,HIGH,MEDIUM,MEDIUM,MEDIUM,MEDIUM,HIGH,HIGH,MODEL_PROFILE_AI,1.0,2026-09-04T21:23:14+00:00
Audi,Q3,CAR,SUV,COMPACT,MEDIUM,HIGH,HIGH,MEDIUM,HIGH,HIGH,HIGH,HIGH,MODEL_PROFILE_AI,1.0,2026-09-04T21:22:53+00:00
Audi,Q4,CAR,SUV,COMPACT,MEDIUM,HIGH,HIGH,MEDIUM,HIGH,HIGH,MEDIUM,HIGH,MODEL_PROFILE_AI,1.0,2026-09-04T21:23:53+00:00
Audi,Q4 Sportback,CAR,COUPE,COMPACT,HIGH,HIGH,HIGH,MEDIUM,MEDIUM,MEDIUM,HIGH,HIGH,MODEL_PROFILE_AI,1.0,2026-09-04T21:24:02+00:00
Audi,Q5,CAR,SUV,MIDSIZE,MEDIUM,HIGH,HIGH,HIGH,HIGH,HIGH,HIGH,HIGH,MODEL_PROFILE_AI,1.0,2026-09-04T21:22:53+00:00
Audi,Q7,CAR,SUV,LARGE,LOW,HIGH,HIGH,HIGH,HIGH,HIGH,MEDIUM,HIGH,MODEL_PROFILE_AI,1.0,2026-09-04T21:22:53+00:00
Audi,Q8,CAR,SUV,LARGE,MEDIUM,HIGH,HIGH,MEDIUM,HIGH,HIGH,LOW,HIGH,MODEL_PROFILE_AI,1.0,2026-09-04T21:24:14+00:00
Audi,RS,CAR,OTHER,UNKNOWN,LOW,HIGH,MEDIUM,HIGH,UNKNOWN,LOW,LOW,LOW,MODEL_PROFILE_AI,1.0,2026-09-04T21:24:14+00:00
Audi,RS Q8,CAR,SUV,LARGE,LOW,HIGH,HIGH,HIGH,MEDIUM,MEDIUM,MEDIUM,HIGH,MODEL_PROFILE_AI,1.0,2026-09-04T21:24:28+00:00
Audi,S Serisi,CAR,OTHER,UNKNOWN,LOW,HIGH,HIGH,HIGH,MEDIUM,MEDIUM,MEDIUM,LOW,MODEL_PROFILE_AI,1.0,2026-09-04T21:24:02+00:00
Audi,SQ2,CAR,SUV,COMPACT,MEDIUM,HIGH,MEDIUM,HIGH,MEDIUM,MEDIUM,HIGH,HIGH,MODEL_PROFILE_AI,1.0,2026-09-04T21:24:02+00:00
Audi,SQ5,CAR,SUV,MIDSIZE,MEDIUM,HIGH,MEDIUM,HIGH,MEDIUM,MEDIUM,MEDIUM,HIGH,MODEL_PROFILE_AI,1.0,2026-09-04T21:24:14+00:00
Audi,SQ8,CAR,SUV,LARGE,LOW,HIGH,HIGH,HIGH,MEDIUM,MEDIUM,MEDIUM,HIGH,MODEL_PROFILE_AI,1.0,2026-09-04T21:24:28+00:00
Audi,TT,CAR,COUPE,COMPACT,MEDIUM,HIGH,MEDIUM,HIGH,LOW,LOW,MEDIUM,HIGH,MODEL_PROFILE_AI,1.0,2026-09-04T21:21:50+00:00
BAIC,D20,CAR,HATCHBACK,COMPACT,MEDIUM,LOW,LOW,LOW,MEDIUM,MEDIUM,MEDIUM,MEDIUM,MODEL_PROFILE_AI,1.0,2026-09-04T21:20:52+00:00
Balıkçı,Teknesi,OTHER,OTHER,UNKNOWN,UNKNOWN,UNKNOWN,UNKNOWN,UNKNOWN,UNKNOWN,UNKNOWN,UNKNOWN,LOW,MODEL_PROFILE_AI,1.0,2026-09-04T21:21:50+00:00
Bashan,BS250S-11A,ATV_UTV,ATV_UTV,UNKNOWN,MEDIUM,LOW,LOW,MEDIUM,MEDIUM,LOW,LOW,MEDIUM,MODEL_PROFILE_AI,1.0,2026-09-04T21:20:41+00:00
Bashan,BS300AU-7,ATV_UTV,ATV_UTV,UNKNOWN,UNKNOWN,LOW,LOW,MEDIUM,MEDIUM,LOW,LOW,MEDIUM,MODEL_PROFILE_AI,1.0,2026-09-04T21:21:22+00:00
Bentley,Bentayga,CAR,SUV,LARGE,LOW,HIGH,HIGH,HIGH,HIGH,HIGH,MEDIUM,HIGH,MODEL_PROFILE_AI,1.0,2026-09-04T21:24:28+00:00
Bentley,Continental,CAR,COUPE,LARGE,LOW,HIGH,HIGH,HIGH,LOW,LOW,MEDIUM,HIGH,MODEL_PROFILE_AI,1.0,2026-09-04T21:24:28+00:00
Bentley,Flying Spur,CAR,SEDAN,LARGE,LOW,HIGH,HIGH,HIGH,MEDIUM,HIGH,MEDIUM,HIGH,MODEL_PROFILE_AI,1.0,2026-09-04T21:24:28+00:00
BMW,1 Serisi,CAR,HATCHBACK,COMPACT,MEDIUM,MEDIUM,MEDIUM,MEDIUM,MEDIUM,MEDIUM,HIGH,HIGH,MODEL_PROFILE_AI,1.0,2026-09-04T21:20:30+00:00
BMW,2 Serisi,CAR,COUPE,COMPACT,MEDIUM,HIGH,MEDIUM,HIGH,MEDIUM,MEDIUM,HIGH,MEDIUM,MODEL_PROFILE_AI,1.0,2026-09-04T21:22:10+00:00
BMW,3 Serisi,CAR,SEDAN,COMPACT,MEDIUM,MEDIUM,MEDIUM,HIGH,MEDIUM,MEDIUM,HIGH,HIGH,MODEL_PROFILE_AI,1.0,2026-09-04T21:20:30+00:00
BMW,4 Serisi,CAR,COUPE,COMPACT,MEDIUM,HIGH,MEDIUM,HIGH,LOW,LOW,MEDIUM,HIGH,MODEL_PROFILE_AI,1.0,2026-09-04T21:22:42+00:00
BMW,5 Serisi,CAR,SEDAN,LARGE,MEDIUM,HIGH,HIGH,HIGH,MEDIUM,MEDIUM,MEDIUM,HIGH,MODEL_PROFILE_AI,1.0,2026-09-04T21:21:31+00:00
BMW,6 Serisi,CAR,COUPE,LARGE,LOW,HIGH,HIGH,HIGH,LOW,LOW,MEDIUM,HIGH,MODEL_PROFILE_AI,1.0,2026-09-04T21:22:23+00:00
BMW,7 Serisi,CAR,SEDAN,LARGE,LOW,HIGH,HIGH,HIGH,MEDIUM,HIGH,MEDIUM,HIGH,MODEL_PROFILE_AI,1.0,2026-09-04T21:22:00+00:00
BMW,8 Serisi,CAR,COUPE,LARGE,LOW,HIGH,HIGH,HIGH,LOW,LOW,MEDIUM,HIGH,MODEL_PROFILE_AI,1.0,2026-09-04T21:23:33+00:00
BMW,C 400 X,SCOOTER,SCOOTER,UNKNOWN,MEDIUM,MEDIUM,HIGH,MEDIUM,MEDIUM,LOW,HIGH,HIGH,MODEL_PROFILE_AI,1.0,2026-09-04T21:22:00+00:00
BMW,C 600 Sport,SCOOTER,SCOOTER,UNKNOWN,MEDIUM,HIGH,HIGH,MEDIUM,MEDIUM,LOW,HIGH,HIGH,MODEL_PROFILE_AI,1.0,2026-09-04T21:22:42+00:00
BMW,C400 GT,SCOOTER,SCOOTER,UNKNOWN,MEDIUM,HIGH,HIGH,MEDIUM,MEDIUM,LOW,HIGH,HIGH,MODEL_PROFILE_AI,1.0,2026-09-04T21:22:53+00:00
BMW,CE 04,SCOOTER,SCOOTER,UNKNOWN,HIGH,HIGH,HIGH,MEDIUM,MEDIUM,LOW,HIGH,HIGH,MODEL_PROFILE_AI,1.0,2026-09-04T21:22:23+00:00
BMW,Diğer,UNKNOWN,UNKNOWN,UNKNOWN,UNKNOWN,UNKNOWN,UNKNOWN,UNKNOWN,UNKNOWN,UNKNOWN,UNKNOWN,LOW,MODEL_PROFILE_AI,1.0,2026-09-04T21:22:32+00:00
BMW,F 700 GS,MOTORCYCLE,MOTORCYCLE,UNKNOWN,MEDIUM,MEDIUM,MEDIUM,MEDIUM,MEDIUM,LOW,MEDIUM,HIGH,MODEL_PROFILE_AI,1.0,2026-09-04T21:22:00+00:00
BMW,F 800 GS,MOTORCYCLE,MOTORCYCLE,UNKNOWN,MEDIUM,MEDIUM,MEDIUM,HIGH,MEDIUM,LOW,MEDIUM,HIGH,MODEL_PROFILE_AI,1.0,2026-09-04T21:22:42+00:00
BMW,F 800 R,MOTORCYCLE,MOTORCYCLE,UNKNOWN,MEDIUM,MEDIUM,MEDIUM,HIGH,MEDIUM,LOW,MEDIUM,HIGH,MODEL_PROFILE_AI,1.0,2026-09-04T21:22:32+00:00
BMW,F 850 GS,MOTORCYCLE,MOTORCYCLE,UNKNOWN,MEDIUM,MEDIUM,MEDIUM,HIGH,MEDIUM,LOW,MEDIUM,HIGH,MODEL_PROFILE_AI,1.0,2026-09-04T21:22:53+00:00
BMW,F 900 XR,MOTORCYCLE,MOTORCYCLE,UNKNOWN,MEDIUM,MEDIUM,MEDIUM,HIGH,MEDIUM,LOW,MEDIUM,HIGH,MODEL_PROFILE_AI,1.0,2026-09-04T21:22:53+00:00
BMW,G 310 GS,MOTORCYCLE,MOTORCYCLE,UNKNOWN,MEDIUM,MEDIUM,MEDIUM,MEDIUM,MEDIUM,LOW,MEDIUM,HIGH,MODEL_PROFILE_AI,1.0,2026-09-04T21:20:41+00:00
BMW,G 310 R,MOTORCYCLE,MOTORCYCLE,UNKNOWN,MEDIUM,MEDIUM,MEDIUM,MEDIUM,LOW,LOW,MEDIUM,HIGH,MODEL_PROFILE_AI,1.0,2026-09-04T21:21:22+00:00
BMW,i Serisi,CAR,OTHER,UNKNOWN,MEDIUM,HIGH,MEDIUM,HIGH,MEDIUM,LOW,HIGH,LOW,MODEL_PROFILE_AI,1.0,2026-09-04T21:21:31+00:00
BMW,iX,CAR,SUV,LARGE,MEDIUM,HIGH,HIGH,HIGH,HIGH,HIGH,MEDIUM,HIGH,MODEL_PROFILE_AI,1.0,2026-09-04T21:24:14+00:00
BMW,M Serisi,CAR,OTHER,UNKNOWN,LOW,HIGH,MEDIUM,HIGH,LOW,LOW,MEDIUM,MEDIUM,MODEL_PROFILE_AI,1.0,2026-09-04T21:23:53+00:00
BMW,R 1200 GS,MOTORCYCLE,MOTORCYCLE,LARGE,LOW,MEDIUM,HIGH,HIGH,MEDIUM,LOW,LOW,HIGH,MODEL_PROFILE_AI,1.0,2026-09-04T21:23:14+00:00
BMW,R 1200 GS Adventure,MOTORCYCLE,MOTORCYCLE,UNKNOWN,LOW,MEDIUM,HIGH,HIGH,MEDIUM,LOW,MEDIUM,HIGH,MODEL_PROFILE_AI,1.0,2026-09-04T21:23:04+00:00
BMW,R 1300 GS,MOTORCYCLE,MOTORCYCLE,UNKNOWN,MEDIUM,MEDIUM,HIGH,HIGH,MEDIUM,LOW,MEDIUM,HIGH,MODEL_PROFILE_AI,1.0,2026-09-04T21:23:33+00:00
BMW,R 18,MOTORCYCLE,MOTORCYCLE,UNKNOWN,LOW,HIGH,MEDIUM,MEDIUM,LOW,LOW,MEDIUM,HIGH,MODEL_PROFILE_AI,1.0,2026-09-04T21:23:33+00:00
BMW,R Nine T Scrambler,MOTORCYCLE,MOTORCYCLE,MIDSIZE,LOW,MEDIUM,MEDIUM,MEDIUM,LOW,LOW,LOW,HIGH,MODEL_PROFILE_AI,1.0,2026-09-04T21:23:14+00:00
BMW,S 1000 RR,MOTORCYCLE,MOTORCYCLE,UNKNOWN,LOW,MEDIUM,LOW,HIGH,LOW,LOW,LOW,HIGH,MODEL_PROFILE_AI,1.0,2026-09-04T21:23:53+00:00
BMW,S 1000 XR,MOTORCYCLE,MOTORCYCLE,UNKNOWN,MEDIUM,HIGH,MEDIUM,HIGH,MEDIUM,LOW,MEDIUM,HIGH,MODEL_PROFILE_AI,1.0,2026-09-04T21:23:04+00:00
BMW,X1,CAR,SUV,COMPACT,MEDIUM,HIGH,MEDIUM,MEDIUM,HIGH,HIGH,HIGH,HIGH,MODEL_PROFILE_AI,1.0,2026-09-04T21:22:00+00:00
BMW,X2,CAR,CROSSOVER,COMPACT,MEDIUM,HIGH,MEDIUM,MEDIUM,MEDIUM,MEDIUM,HIGH,HIGH,MODEL_PROFILE_AI,1.0,2026-09-04T21:23:14+00:00
BMW,X3,CAR,SUV,MIDSIZE,MEDIUM,HIGH,HIGH,MEDIUM,HIGH,HIGH,MEDIUM,HIGH,MODEL_PROFILE_AI,1.0,2026-09-04T21:21:12+00:00
BMW,X4,CAR,SUV,MIDSIZE,MEDIUM,HIGH,HIGH,HIGH,MEDIUM,MEDIUM,HIGH,HIGH,MODEL_PROFILE_AI,1.0,2026-09-04T21:23:33+00:00
BMW,X5,CAR,SUV,LARGE,LOW,HIGH,HIGH,HIGH,HIGH,HIGH,MEDIUM,HIGH,MODEL_PROFILE_AI,1.0,2026-09-04T21:21:31+00:00
BMW,X6,CAR,SUV,LARGE,LOW,HIGH,HIGH,HIGH,MEDIUM,MEDIUM,MEDIUM,HIGH,MODEL_PROFILE_AI,1.0,2026-09-04T21:22:42+00:00
BMW,X7,CAR,SUV,LARGE,LOW,HIGH,HIGH,HIGH,HIGH,HIGH,MEDIUM,HIGH,MODEL_PROFILE_AI,1.0,2026-09-04T21:24:28+00:00
BMW,XM,CAR,SUV,LARGE,LOW,HIGH,HIGH,HIGH,MEDIUM,MEDIUM,MEDIUM,HIGH,MODEL_PROFILE_AI,1.0,2026-09-04T21:24:28+00:00
BMW,Z Serisi,CAR,CONVERTIBLE,COMPACT,LOW,HIGH,MEDIUM,HIGH,LOW,LOW,MEDIUM,HIGH,MODEL_PROFILE_AI,1.0,2026-09-04T21:21:12+00:00
Cadillac,Escalade,CAR,SUV,LARGE,LOW,HIGH,HIGH,MEDIUM,HIGH,HIGH,LOW,HIGH,MODEL_PROFILE_AI,1.0,2026-09-04T21:24:14+00:00
Can-Am,Maverick X3,ATV_UTV,ATV_UTV,UNKNOWN,LOW,LOW,LOW,HIGH,MEDIUM,LOW,LOW,HIGH,MODEL_PROFILE_AI,1.0,2026-09-04T21:23:43+00:00
Can-Am,Max DPS 650,ATV_UTV,ATV_UTV,UNKNOWN,LOW,MEDIUM,MEDIUM,HIGH,MEDIUM,LOW,LOW,MEDIUM,MODEL_PROFILE_AI,1.0,2026-09-04T21:21:22+00:00
Can-Am,Outlander,ATV_UTV,ATV_UTV,UNKNOWN,LOW,LOW,MEDIUM,HIGH,HIGH,LOW,LOW,HIGH,MODEL_PROFILE_AI,1.0,2026-09-04T21:22:23+00:00
Can-Am,Outlander Max 1000 Ltd,ATV_UTV,ATV_UTV,UNKNOWN,LOW,MEDIUM,MEDIUM,HIGH,HIGH,MEDIUM,LOW,HIGH,MODEL_PROFILE_AI,1.0,2026-09-04T21:23:43+00:00
Can-Am,Renegade1000,ATV_UTV,ATV_UTV,UNKNOWN,LOW,LOW,LOW,HIGH,MEDIUM,LOW,LOW,HIGH,MODEL_PROFILE_AI,1.0,2026-09-04T21:23:43+00:00
CFMOTO,Cforce 1000 Touring,ATV_UTV,ATV_UTV,UNKNOWN,LOW,LOW,MEDIUM,HIGH,HIGH,LOW,LOW,HIGH,MODEL_PROFILE_AI,1.0,2026-09-04T21:23:04+00:00
Chevrolet,Camaro,CAR,COUPE,MIDSIZE,LOW,LOW,MEDIUM,HIGH,LOW,LOW,MEDIUM,HIGH,MODEL_PROFILE_AI,1.0,2026-09-04T21:24:28+00:00
Chevrolet,Caprice,CAR,SEDAN,LARGE,LOW,MEDIUM,HIGH,MEDIUM,MEDIUM,HIGH,LOW,HIGH,MODEL_PROFILE_AI,1.0,2026-09-04T21:23:43+00:00
Chevrolet,Corvette,CAR,COUPE,LARGE,LOW,MEDIUM,MEDIUM,HIGH,LOW,LOW,LOW,HIGH,MODEL_PROFILE_AI,1.0,2026-09-04T21:24:02+00:00
Chevrolet,Cruze,CAR,SEDAN,COMPACT,MEDIUM,LOW,MEDIUM,LOW,MEDIUM,MEDIUM,MEDIUM,HIGH,MODEL_PROFILE_AI,1.0,2026-09-04T21:20:21+00:00
Chevrolet,Lacetti,CAR,SEDAN,COMPACT,MEDIUM,LOW,MEDIUM,LOW,MEDIUM,MEDIUM,MEDIUM,HIGH,MODEL_PROFILE_AI,1.0,2026-09-04T21:20:01+00:00
Chevrolet,Silverado,PICKUP,PICKUP,LARGE,LOW,LOW,MEDIUM,MEDIUM,HIGH,MEDIUM,LOW,HIGH,MODEL_PROFILE_AI,1.0,2026-09-04T21:24:28+00:00
Chrysler,300 C,CAR,SEDAN,LARGE,LOW,MEDIUM,HIGH,MEDIUM,MEDIUM,HIGH,MEDIUM,HIGH,MODEL_PROFILE_AI,1.0,2026-09-04T21:22:23+00:00
Citroen,Berlingo,VAN,VAN,COMPACT,HIGH,LOW,MEDIUM,LOW,HIGH,HIGH,HIGH,HIGH,MODEL_PROFILE_AI,1.0,2026-09-04T21:21:12+00:00
Citroen,C1,CAR,HATCHBACK,MICRO,HIGH,LOW,LOW,LOW,MEDIUM,LOW,HIGH,HIGH,MODEL_PROFILE_AI,1.0,2026-09-04T21:20:21+00:00
Citroen,C2,CAR,HATCHBACK,SMALL,HIGH,LOW,MEDIUM,MEDIUM,LOW,LOW,HIGH,HIGH,MODEL_PROFILE_AI,1.0,2026-09-04T21:20:11+00:00
Citroen,C3,CAR,HATCHBACK,SMALL,HIGH,LOW,MEDIUM,MEDIUM,MEDIUM,MEDIUM,HIGH,HIGH,MODEL_PROFILE_AI,1.0,2026-09-04T21:19:50+00:00
Citroen,C3 AirCross,CAR,CROSSOVER,SMALL,HIGH,LOW,MEDIUM,LOW,MEDIUM,MEDIUM,HIGH,HIGH,MODEL_PROFILE_AI,1.0,2026-09-04T21:23:04+00:00
Citroen,C4,CAR,HATCHBACK,COMPACT,HIGH,LOW,HIGH,LOW,HIGH,HIGH,HIGH,HIGH,MODEL_PROFILE_AI,1.0,2026-09-04T21:20:41+00:00
Citroen,C4 Cactus,CAR,CROSSOVER,COMPACT,HIGH,LOW,MEDIUM,LOW,HIGH,HIGH,HIGH,HIGH,MODEL_PROFILE_AI,1.0,2026-09-04T21:21:50+00:00
Citroen,C4 Grand Picasso,CAR,MPV,MIDSIZE,MEDIUM,LOW,HIGH,LOW,HIGH,HIGH,MEDIUM,HIGH,MODEL_PROFILE_AI,1.0,2026-09-04T21:22:23+00:00
Citroen,C5,CAR,SEDAN,MIDSIZE,MEDIUM,MEDIUM,HIGH,MEDIUM,MEDIUM,HIGH,MEDIUM,HIGH,MODEL_PROFILE_AI,1.0,2026-09-05T06:11:44+00:00
Citroen,C5 AirCross,CAR,SUV,COMPACT,MEDIUM,LOW,HIGH,MEDIUM,HIGH,HIGH,HIGH,HIGH,MODEL_PROFILE_AI,1.0,2026-09-04T21:22:53+00:00
Citroen,Dispatch,VAN,VAN,LARGE,MEDIUM,LOW,MEDIUM,LOW,HIGH,HIGH,MEDIUM,HIGH,MODEL_PROFILE_AI,1.0,2026-09-04T21:22:10+00:00
Citroen,Jumper,VAN,VAN,LARGE,MEDIUM,LOW,MEDIUM,LOW,HIGH,MEDIUM,LOW,HIGH,MODEL_PROFILE_AI,1.0,2026-09-04T21:20:41+00:00
Citroen,Nemo,VAN,VAN,SMALL,HIGH,LOW,MEDIUM,LOW,HIGH,MEDIUM,MEDIUM,HIGH,MODEL_PROFILE_AI,1.0,2026-09-04T21:20:41+00:00
Dacia,Duster,CAR,SUV,COMPACT,HIGH,LOW,MEDIUM,LOW,HIGH,HIGH,HIGH,HIGH,MODEL_PROFILE_AI,1.0,2026-09-04T21:22:42+00:00
Daihatsu,Bego,CAR,SUV,COMPACT,HIGH,LOW,MEDIUM,LOW,HIGH,MEDIUM,HIGH,HIGH,MODEL_PROFILE_AI,1.0,2026-09-04T21:21:50+00:00
Daihatsu,Boon,CAR,HATCHBACK,SMALL,HIGH,LOW,MEDIUM,LOW,HIGH,MEDIUM,HIGH,HIGH,MODEL_PROFILE_AI,1.0,2026-09-04T21:20:30+00:00
Daihatsu,Hi-Jet,VAN,VAN,SMALL,HIGH,LOW,LOW,LOW,HIGH,LOW,MEDIUM,HIGH,MODEL_PROFILE_AI,1.0,2026-09-04T21:20:52+00:00
Daihatsu,Mira,CAR,HATCHBACK,MICRO,HIGH,LOW,LOW,LOW,MEDIUM,LOW,HIGH,HIGH,MODEL_PROFILE_AI,1.0,2026-09-04T21:20:01+00:00
Daihatsu,Rocky,CAR,SUV,COMPACT,HIGH,LOW,MEDIUM,LOW,HIGH,MEDIUM,HIGH,HIGH,MODEL_PROFILE_AI,1.0,2026-09-04T21:21:31+00:00
Daihatsu,Storia,CAR,HATCHBACK,SMALL,HIGH,LOW,MEDIUM,LOW,MEDIUM,MEDIUM,HIGH,HIGH,MODEL_PROFILE_AI,1.0,2026-09-04T21:20:11+00:00
Daihatsu,Taft,CAR,SUV,SMALL,HIGH,LOW,MEDIUM,LOW,MEDIUM,MEDIUM,HIGH,HIGH,MODEL_PROFILE_AI,1.0,2026-09-04T21:22:53+00:00
Daihatsu,Yrv,CAR,MPV,SMALL,HIGH,LOW,MEDIUM,MEDIUM,HIGH,MEDIUM,HIGH,HIGH,MODEL_PROFILE_AI,1.0,2026-09-04T21:20:01+00:00
DFSK,Mega Van,VAN,VAN,COMPACT,HIGH,LOW,LOW,LOW,HIGH,MEDIUM,MEDIUM,HIGH,MODEL_PROFILE_AI,1.0,2026-09-04T21:21:31+00:00
Dodge,Nitro,CAR,SUV,MIDSIZE,LOW,LOW,MEDIUM,MEDIUM,HIGH,MEDIUM,LOW,HIGH,MODEL_PROFILE_AI,1.0,2026-09-04T21:22:42+00:00
Dodge,Ram,PICKUP,PICKUP,LARGE,LOW,MEDIUM,MEDIUM,MEDIUM,HIGH,MEDIUM,LOW,HIGH,MODEL_PROFILE_AI,1.0,2026-09-04T21:24:14+00:00
Ducati,Diavel XDiavel S,MOTORCYCLE,MOTORCYCLE,UNKNOWN,LOW,HIGH,MEDIUM,HIGH,LOW,LOW,LOW,HIGH,MODEL_PROFILE_AI,1.0,2026-09-04T21:23:43+00:00
Ducati,Monster 937,MOTORCYCLE,MOTORCYCLE,UNKNOWN,LOW,MEDIUM,LOW,HIGH,LOW,LOW,LOW,HIGH,MODEL_PROFILE_AI,1.0,2026-09-04T21:22:42+00:00
Ducati,Multistrada V4 S,MOTORCYCLE,MOTORCYCLE,UNKNOWN,MEDIUM,HIGH,HIGH,HIGH,MEDIUM,LOW,MEDIUM,HIGH,MODEL_PROFILE_AI,1.0,2026-09-04T21:23:43+00:00
Ducati,Scrambler Icon,MOTORCYCLE,MOTORCYCLE,UNKNOWN,MEDIUM,MEDIUM,MEDIUM,MEDIUM,LOW,LOW,MEDIUM,HIGH,MODEL_PROFILE_AI,1.0,2026-09-04T21:21:41+00:00
Ducati,SuperSport,MOTORCYCLE,MOTORCYCLE,MIDSIZE,LOW,MEDIUM,MEDIUM,HIGH,LOW,LOW,LOW,HIGH,MODEL_PROFILE_AI,1.0,2026-09-04T21:23:14+00:00
Ferrari,Portofino,CAR,CONVERTIBLE,MIDSIZE,LOW,HIGH,MEDIUM,HIGH,LOW,LOW,LOW,HIGH,MODEL_PROFILE_AI,1.0,2026-09-04T21:24:28+00:00
Ferrari,Roma,CAR,COUPE,MIDSIZE,LOW,HIGH,MEDIUM,HIGH,LOW,LOW,LOW,HIGH,MODEL_PROFILE_AI,1.0,2026-09-04T21:24:28+00:00
Fiat,500 Abarth,CAR,HATCHBACK,SMALL,MEDIUM,LOW,MEDIUM,HIGH,MEDIUM,LOW,HIGH,HIGH,MODEL_PROFILE_AI,1.0,2026-09-04T21:21:02+00:00
Fiat,500 Ailesi,CAR,HATCHBACK,SMALL,HIGH,MEDIUM,MEDIUM,LOW,MEDIUM,LOW,HIGH,HIGH,MODEL_PROFILE_AI,1.0,2026-09-04T21:20:52+00:00
Fiat,500 X,CAR,CROSSOVER,COMPACT,MEDIUM,LOW,MEDIUM,MEDIUM,MEDIUM,MEDIUM,HIGH,HIGH,MODEL_PROFILE_AI,1.0,2026-09-04T21:21:41+00:00
Fiat,500X,CAR,CROSSOVER,SMALL,MEDIUM,LOW,MEDIUM,LOW,MEDIUM,MEDIUM,HIGH,HIGH,MODEL_PROFILE_AI,1.0,2026-09-04T21:23:24+00:00
Fiat,Doblo,VAN,VAN,COMPACT,MEDIUM,LOW,MEDIUM,LOW,HIGH,HIGH,HIGH,HIGH,MODEL_PROFILE_AI,1.0,2026-09-04T21:20:30+00:00
Fiat,Egea,CAR,SEDAN,COMPACT,HIGH,LOW,MEDIUM,LOW,HIGH,HIGH,HIGH,HIGH,MODEL_PROFILE_AI,1.0,2026-09-04T21:22:10+00:00
Fiat,Fiorino,VAN,VAN,SMALL,HIGH,LOW,LOW,LOW,HIGH,MEDIUM,HIGH,HIGH,MODEL_PROFILE_AI,1.0,2026-09-04T21:21:22+00:00
Fiat,Palio,CAR,HATCHBACK,SMALL,HIGH,LOW,LOW,LOW,MEDIUM,MEDIUM,HIGH,HIGH,MODEL_PROFILE_AI,1.0,2026-09-04T21:19:50+00:00
Fiat,Panda,CAR,HATCHBACK,SMALL,HIGH,LOW,MEDIUM,LOW,HIGH,MEDIUM,HIGH,HIGH,MODEL_PROFILE_AI,1.0,2026-09-04T21:20:30+00:00
Fiat,Punto,CAR,HATCHBACK,SMALL,HIGH,LOW,MEDIUM,LOW,MEDIUM,MEDIUM,HIGH,HIGH,MODEL_PROFILE_AI,1.0,2026-09-04T21:20:11+00:00
Fiat,Qubo,CAR,MPV,SMALL,HIGH,LOW,MEDIUM,LOW,HIGH,HIGH,HIGH,HIGH,MODEL_PROFILE_AI,1.0,2026-09-04T21:21:50+00:00
Fiat,Scudo,VAN,VAN,LARGE,MEDIUM,LOW,MEDIUM,LOW,HIGH,HIGH,MEDIUM,HIGH,MODEL_PROFILE_AI,1.0,2026-09-04T21:23:33+00:00
Fiat,Siena,CAR,SEDAN,SMALL,HIGH,LOW,LOW,LOW,HIGH,MEDIUM,HIGH,HIGH,MODEL_PROFILE_AI,1.0,2026-09-04T21:19:50+00:00
Fiat,Tipo,CAR,HATCHBACK,COMPACT,HIGH,LOW,MEDIUM,LOW,HIGH,HIGH,HIGH,HIGH,MODEL_PROFILE_AI,1.0,2026-09-04T21:22:32+00:00
Ford,B-Max,CAR,MPV,SMALL,HIGH,LOW,MEDIUM,LOW,HIGH,HIGH,HIGH,HIGH,MODEL_PROFILE_AI,1.0,2026-09-04T21:21:22+00:00
Ford,EcoSport,CAR,SUV,SMALL,HIGH,LOW,MEDIUM,LOW,MEDIUM,MEDIUM,HIGH,HIGH,MODEL_PROFILE_AI,1.0,2026-09-04T21:22:53+00:00
Ford,Escape,CAR,SUV,COMPACT,MEDIUM,LOW,MEDIUM,MEDIUM,HIGH,HIGH,HIGH,HIGH,MODEL_PROFILE_AI,1.0,2026-09-04T21:23:53+00:00
Ford,F Series,PICKUP,PICKUP,LARGE,LOW,LOW,MEDIUM,HIGH,HIGH,MEDIUM,LOW,HIGH,MODEL_PROFILE_AI,1.0,2026-09-04T21:23:43+00:00
Ford,Festiva,CAR,HATCHBACK,SMALL,HIGH,LOW,MEDIUM,LOW,MEDIUM,MEDIUM,HIGH,HIGH,MODEL_PROFILE_AI,1.0,2026-09-04T21:21:02+00:00
Ford,Fiesta,CAR,HATCHBACK,SMALL,HIGH,LOW,MEDIUM,MEDIUM,MEDIUM,MEDIUM,HIGH,HIGH,MODEL_PROFILE_AI,1.0,2026-09-04T21:20:01+00:00
Ford,Fiesta Van,VAN,VAN,SMALL,HIGH,LOW,LOW,LOW,HIGH,LOW,HIGH,HIGH,MODEL_PROFILE_AI,1.0,2026-09-04T21:20:01+00:00
Ford,Focus,CAR,HATCHBACK,COMPACT,MEDIUM,LOW,MEDIUM,MEDIUM,HIGH,HIGH,HIGH,HIGH,MODEL_PROFILE_AI,1.0,2026-09-04T21:20:01+00:00
Ford,Fusion,CAR,MPV,COMPACT,MEDIUM,LOW,MEDIUM,LOW,HIGH,HIGH,HIGH,HIGH,MODEL_PROFILE_AI,1.0,2026-09-04T21:20:11+00:00
Ford,Kuga,CAR,SUV,COMPACT,MEDIUM,LOW,MEDIUM,MEDIUM,HIGH,HIGH,HIGH,HIGH,MODEL_PROFILE_AI,1.0,2026-09-04T21:21:22+00:00
Ford,Mondeo,CAR,SEDAN,MIDSIZE,MEDIUM,MEDIUM,HIGH,MEDIUM,HIGH,HIGH,MEDIUM,HIGH,MODEL_PROFILE_AI,1.0,2026-09-04T21:19:50+00:00
Ford,Mustang,CAR,COUPE,LARGE,LOW,MEDIUM,MEDIUM,HIGH,LOW,LOW,MEDIUM,HIGH,MODEL_PROFILE_AI,1.0,2026-09-04T21:24:02+00:00
Ford,Mustang Mach-E,CAR,CROSSOVER,MIDSIZE,MEDIUM,MEDIUM,MEDIUM,HIGH,HIGH,MEDIUM,MEDIUM,HIGH,MODEL_PROFILE_AI,1.0,2026-09-04T21:23:53+00:00
Ford,Puma,CAR,CROSSOVER,SMALL,HIGH,LOW,MEDIUM,MEDIUM,HIGH,HIGH,HIGH,HIGH,MODEL_PROFILE_AI,1.0,2026-09-04T21:23:43+00:00
Ford,Ranger,PICKUP,PICKUP,LARGE,LOW,LOW,MEDIUM,HIGH,HIGH,MEDIUM,MEDIUM,HIGH,MODEL_PROFILE_AI,1.0,2026-09-04T21:21:41+00:00
Ford,Ranger Raptor,PICKUP,PICKUP,LARGE,LOW,MEDIUM,MEDIUM,HIGH,HIGH,MEDIUM,LOW,HIGH,MODEL_PROFILE_AI,1.0,2026-09-04T21:24:14+00:00
Ford,Torneo Courier,VAN,VAN,SMALL,HIGH,LOW,MEDIUM,LOW,HIGH,HIGH,HIGH,HIGH,MODEL_PROFILE_AI,1.0,2026-09-04T21:21:12+00:00
Ford,Tourneo Connect,VAN,VAN,COMPACT,MEDIUM,LOW,MEDIUM,LOW,HIGH,HIGH,MEDIUM,HIGH,MODEL_PROFILE_AI,1.0,2026-09-04T21:20:52+00:00
Ford,Tourneo Courier,VAN,VAN,SMALL,HIGH,LOW,MEDIUM,LOW,HIGH,HIGH,HIGH,HIGH,MODEL_PROFILE_AI,1.0,2026-09-04T21:22:10+00:00
Ford,Tourneo Custom,VAN,VAN,LARGE,MEDIUM,LOW,MEDIUM,LOW,HIGH,HIGH,MEDIUM,HIGH,MODEL_PROFILE_AI,1.0,2026-09-04T21:22:32+00:00
Ford,Transit,VAN,VAN,LARGE,MEDIUM,LOW,MEDIUM,LOW,HIGH,HIGH,LOW,HIGH,MODEL_PROFILE_AI,1.0,2026-09-04T21:20:11+00:00
Ford,Transit Connect,VAN,VAN,COMPACT,MEDIUM,LOW,MEDIUM,LOW,HIGH,MEDIUM,MEDIUM,HIGH,MODEL_PROFILE_AI,1.0,2026-09-04T21:21:02+00:00
Ford,Transit Courier,VAN,VAN,SMALL,HIGH,LOW,MEDIUM,LOW,HIGH,MEDIUM,MEDIUM,HIGH,MODEL_PROFILE_AI,1.0,2026-09-04T21:21:02+00:00
Ford,Transit Custom,VAN,VAN,LARGE,MEDIUM,LOW,MEDIUM,LOW,HIGH,HIGH,MEDIUM,HIGH,MODEL_PROFILE_AI,1.0,2026-09-04T21:22:23+00:00
Ford,XR3i,CAR,HATCHBACK,COMPACT,MEDIUM,LOW,LOW,HIGH,MEDIUM,LOW,MEDIUM,HIGH,MODEL_PROFILE_AI,1.0,2026-09-04T21:21:02+00:00
Gezi,Teknesi,OTHER,OTHER,UNKNOWN,UNKNOWN,UNKNOWN,UNKNOWN,UNKNOWN,UNKNOWN,UNKNOWN,UNKNOWN,LOW,MODEL_PROFILE_AI,1.0,2026-09-04T21:20:41+00:00
Harley Davidson,CVO Breakout,MOTORCYCLE,MOTORCYCLE,LARGE,LOW,HIGH,MEDIUM,HIGH,LOW,LOW,LOW,HIGH,MODEL_PROFILE_AI,1.0,2026-09-04T21:24:02+00:00
Harley Davidson,Diğer,UNKNOWN,UNKNOWN,UNKNOWN,UNKNOWN,UNKNOWN,UNKNOWN,UNKNOWN,UNKNOWN,UNKNOWN,UNKNOWN,LOW,MODEL_PROFILE_AI,1.0,2026-09-04T21:22:42+00:00
Harley Davidson,FLHX Street Glide,MOTORCYCLE,MOTORCYCLE,UNKNOWN,LOW,HIGH,HIGH,MEDIUM,LOW,LOW,LOW,HIGH,MODEL_PROFILE_AI,1.0,2026-09-04T21:23:53+00:00
Harley Davidson,Nightster RH975,MOTORCYCLE,MOTORCYCLE,UNKNOWN,MEDIUM,MEDIUM,MEDIUM,MEDIUM,LOW,LOW,MEDIUM,HIGH,MODEL_PROFILE_AI,1.0,2026-09-04T21:23:04+00:00
Harley Davidson,Pan America RA1250 Special,MOTORCYCLE,MOTORCYCLE,UNKNOWN,MEDIUM,MEDIUM,HIGH,HIGH,MEDIUM,LOW,MEDIUM,HIGH,MODEL_PROFILE_AI,1.0,2026-09-04T21:23:43+00:00
Harley Davidson,Softail Custom FXSTC,MOTORCYCLE,MOTORCYCLE,UNKNOWN,LOW,MEDIUM,MEDIUM,MEDIUM,LOW,LOW,MEDIUM,HIGH,MODEL_PROFILE_AI,1.0,2026-09-04T21:23:33+00:00
Harley Davidson,Softail Fat Bob,MOTORCYCLE,MOTORCYCLE,UNKNOWN,LOW,MEDIUM,MEDIUM,HIGH,LOW,LOW,MEDIUM,HIGH,MODEL_PROFILE_AI,1.0,2026-09-04T21:23:33+00:00
Harley Davidson,Softail Low Rider,MOTORCYCLE,MOTORCYCLE,UNKNOWN,LOW,MEDIUM,MEDIUM,MEDIUM,LOW,LOW,LOW,HIGH,MODEL_PROFILE_AI,1.0,2026-09-04T21:23:24+00:00
Harley Davidson,Sportster Iron 883,MOTORCYCLE,MOTORCYCLE,UNKNOWN,MEDIUM,MEDIUM,LOW,MEDIUM,LOW,LOW,MEDIUM,HIGH,MODEL_PROFILE_AI,1.0,2026-09-04T21:22:42+00:00
Harley Davidson,Touring Road Glide Special,MOTORCYCLE,MOTORCYCLE,LARGE,LOW,MEDIUM,HIGH,MEDIUM,LOW,LOW,LOW,HIGH,MODEL_PROFILE_AI,1.0,2026-09-04T21:24:14+00:00
Harley Davidson,Touring Road Glide Ultra,MOTORCYCLE,MOTORCYCLE,UNKNOWN,LOW,MEDIUM,HIGH,MEDIUM,MEDIUM,LOW,LOW,HIGH,MODEL_PROFILE_AI,1.0,2026-09-04T21:23:24+00:00
Harley Davidson,Ultra Classic Electra Glide FLHTCUI,MOTORCYCLE,MOTORCYCLE,UNKNOWN,LOW,MEDIUM,HIGH,MEDIUM,LOW,LOW,LOW,HIGH,MODEL_PROFILE_AI,1.0,2026-09-04T21:22:23+00:00
Harley Davidson,X440,MOTORCYCLE,MOTORCYCLE,UNKNOWN,MEDIUM,MEDIUM,MEDIUM,MEDIUM,LOW,LOW,MEDIUM,MEDIUM,MODEL_PROFILE_AI,1.0,2026-09-04T21:20:41+00:00
Honda,400X,MOTORCYCLE,MOTORCYCLE,UNKNOWN,MEDIUM,LOW,MEDIUM,MEDIUM,MEDIUM,LOW,MEDIUM,HIGH,MODEL_PROFILE_AI,1.0,2026-09-04T21:22:23+00:00
Honda,Accord,CAR,SEDAN,MIDSIZE,MEDIUM,LOW,HIGH,MEDIUM,HIGH,HIGH,HIGH,HIGH,MODEL_PROFILE_AI,1.0,2026-09-04T21:21:12+00:00
Honda,Activa 110,SCOOTER,SCOOTER,UNKNOWN,HIGH,LOW,MEDIUM,LOW,HIGH,LOW,HIGH,HIGH,MODEL_PROFILE_AI,1.0,2026-09-04T21:19:50+00:00
Honda,ADV350 Deluxe,SCOOTER,SCOOTER,UNKNOWN,MEDIUM,MEDIUM,HIGH,MEDIUM,HIGH,LOW,HIGH,HIGH,MODEL_PROFILE_AI,1.0,2026-09-04T21:20:41+00:00
Honda,C125 Super Cub,MOTORCYCLE,MOTORCYCLE,UNKNOWN,HIGH,LOW,MEDIUM,LOW,MEDIUM,LOW,HIGH,HIGH,MODEL_PROFILE_AI,1.0,2026-09-04T21:20:41+00:00
Honda,CB 1000 GT,MOTORCYCLE,MOTORCYCLE,UNKNOWN,MEDIUM,LOW,HIGH,MEDIUM,MEDIUM,LOW,MEDIUM,MEDIUM,MODEL_PROFILE_AI,1.0,2026-09-04T21:23:24+00:00
Honda,CB 125 R,MOTORCYCLE,MOTORCYCLE,SMALL,HIGH,LOW,LOW,LOW,MEDIUM,LOW,HIGH,HIGH,MODEL_PROFILE_AI,1.0,2026-09-04T21:20:21+00:00
Honda,CB 250,MOTORCYCLE,MOTORCYCLE,SMALL,HIGH,LOW,MEDIUM,MEDIUM,MEDIUM,LOW,HIGH,HIGH,MODEL_PROFILE_AI,1.0,2026-09-04T21:21:02+00:00
Honda,CB 250 R,MOTORCYCLE,MOTORCYCLE,SMALL,HIGH,LOW,MEDIUM,MEDIUM,MEDIUM,LOW,HIGH,HIGH,MODEL_PROFILE_AI,1.0,2026-09-04T21:21:12+00:00
Honda,CB 500X,MOTORCYCLE,MOTORCYCLE,UNKNOWN,HIGH,LOW,MEDIUM,MEDIUM,HIGH,LOW,HIGH,HIGH,MODEL_PROFILE_AI,1.0,2026-09-04T21:21:31+00:00
Honda,CB 650 R,MOTORCYCLE,MOTORCYCLE,UNKNOWN,MEDIUM,LOW,MEDIUM,HIGH,LOW,LOW,MEDIUM,HIGH,MODEL_PROFILE_AI,1.0,2026-09-04T21:22:53+00:00
Honda,CB1000 Hornet SP,MOTORCYCLE,MOTORCYCLE,UNKNOWN,MEDIUM,LOW,MEDIUM,HIGH,LOW,LOW,MEDIUM,HIGH,MODEL_PROFILE_AI,1.0,2026-09-04T21:23:24+00:00
Honda,CBR 1000 RR-R Fireblade SP,MOTORCYCLE,MOTORCYCLE,UNKNOWN,LOW,MEDIUM,LOW,HIGH,LOW,LOW,LOW,HIGH,MODEL_PROFILE_AI,1.0,2026-09-04T21:23:53+00:00
Honda,CBR 650 R,MOTORCYCLE,MOTORCYCLE,UNKNOWN,MEDIUM,LOW,MEDIUM,HIGH,LOW,LOW,MEDIUM,HIGH,MODEL_PROFILE_AI,1.0,2026-09-04T21:23:04+00:00
Honda,Civic,CAR,SEDAN,COMPACT,MEDIUM,LOW,MEDIUM,MEDIUM,MEDIUM,HIGH,HIGH,HIGH,MODEL_PROFILE_AI,1.0,2026-09-04T21:20:11+00:00
Honda,CL 250,MOTORCYCLE,MOTORCYCLE,UNKNOWN,HIGH,LOW,MEDIUM,MEDIUM,MEDIUM,LOW,HIGH,HIGH,MODEL_PROFILE_AI,1.0,2026-09-04T21:21:31+00:00
Honda,CL 500,MOTORCYCLE,MOTORCYCLE,UNKNOWN,MEDIUM,LOW,MEDIUM,MEDIUM,MEDIUM,LOW,MEDIUM,HIGH,MODEL_PROFILE_AI,1.0,2026-09-04T21:22:32+00:00
Honda,CR-V,CAR,SUV,MIDSIZE,MEDIUM,LOW,HIGH,MEDIUM,HIGH,HIGH,HIGH,HIGH,MODEL_PROFILE_AI,1.0,2026-09-04T21:21:31+00:00
Honda,CR-Z,CAR,COUPE,COMPACT,HIGH,LOW,MEDIUM,MEDIUM,LOW,LOW,HIGH,HIGH,MODEL_PROFILE_AI,1.0,2026-09-04T21:21:31+00:00
Honda,CRF 450 R,MOTORCYCLE,MOTORCYCLE,UNKNOWN,LOW,LOW,LOW,HIGH,LOW,LOW,LOW,HIGH,MODEL_PROFILE_AI,1.0,2026-09-04T21:20:30+00:00
Honda,CRX,CAR,HATCHBACK,SMALL,HIGH,LOW,LOW,MEDIUM,LOW,LOW,MEDIUM,HIGH,MODEL_PROFILE_AI,1.0,2026-09-04T21:23:53+00:00
Honda,DAX 125,MOTORCYCLE,MOTORCYCLE,SMALL,HIGH,LOW,LOW,LOW,MEDIUM,LOW,MEDIUM,HIGH,MODEL_PROFILE_AI,1.0,2026-09-04T21:20:52+00:00
Honda,Dio,SCOOTER,SCOOTER,UNKNOWN,HIGH,LOW,LOW,LOW,MEDIUM,LOW,HIGH,HIGH,MODEL_PROFILE_AI,1.0,2026-09-04T21:19:50+00:00
Honda,Diğer,UNKNOWN,UNKNOWN,UNKNOWN,UNKNOWN,UNKNOWN,UNKNOWN,UNKNOWN,UNKNOWN,UNKNOWN,UNKNOWN,LOW,MODEL_PROFILE_AI,1.0,2026-09-04T21:20:41+00:00
Honda,Fit,CAR,HATCHBACK,SMALL,HIGH,LOW,MEDIUM,MEDIUM,HIGH,HIGH,HIGH,HIGH,MODEL_PROFILE_AI,1.0,2026-09-04T21:20:11+00:00
Honda,Fit Aria,CAR,SEDAN,SMALL,HIGH,LOW,MEDIUM,LOW,MEDIUM,MEDIUM,HIGH,HIGH,MODEL_PROFILE_AI,1.0,2026-09-04T21:20:11+00:00
Honda,Freed,CAR,MPV,COMPACT,HIGH,LOW,MEDIUM,LOW,HIGH,HIGH,HIGH,HIGH,MODEL_PROFILE_AI,1.0,2026-09-04T21:21:41+00:00
Honda,GB 350 S,MOTORCYCLE,MOTORCYCLE,SMALL,HIGH,LOW,MEDIUM,LOW,MEDIUM,LOW,HIGH,HIGH,MODEL_PROFILE_AI,1.0,2026-09-04T21:21:12+00:00
Honda,Goldwing GL 1800,MOTORCYCLE,MOTORCYCLE,LARGE,LOW,HIGH,HIGH,MEDIUM,MEDIUM,LOW,LOW,HIGH,MODEL_PROFILE_AI,1.0,2026-09-04T21:23:14+00:00
Honda,Grace,CAR,SEDAN,COMPACT,HIGH,LOW,MEDIUM,LOW,MEDIUM,MEDIUM,HIGH,HIGH,MODEL_PROFILE_AI,1.0,2026-09-04T21:23:04+00:00
Honda,HR-V,CAR,CROSSOVER,COMPACT,MEDIUM,LOW,MEDIUM,LOW,HIGH,HIGH,HIGH,HIGH,MODEL_PROFILE_AI,1.0,2026-09-04T21:20:52+00:00
Honda,Integra,CAR,COUPE,COMPACT,MEDIUM,LOW,MEDIUM,HIGH,LOW,LOW,MEDIUM,HIGH,MODEL_PROFILE_AI,1.0,2026-09-04T21:21:12+00:00
Honda,İnsight,CAR,HATCHBACK,COMPACT,HIGH,LOW,MEDIUM,LOW,MEDIUM,MEDIUM,HIGH,HIGH,MODEL_PROFILE_AI,1.0,2026-09-04T21:22:32+00:00
Honda,Jade,CAR,MPV,COMPACT,MEDIUM,LOW,HIGH,MEDIUM,HIGH,HIGH,MEDIUM,HIGH,MODEL_PROFILE_AI,1.0,2026-09-04T21:21:50+00:00
Honda,Jazz,CAR,HATCHBACK,SMALL,HIGH,LOW,MEDIUM,LOW,HIGH,HIGH,HIGH,HIGH,MODEL_PROFILE_AI,1.0,2026-09-04T21:20:41+00:00
Honda,Logo,CAR,HATCHBACK,SMALL,HIGH,LOW,LOW,LOW,MEDIUM,MEDIUM,HIGH,HIGH,MODEL_PROFILE_AI,1.0,2026-09-04T21:19:50+00:00
Honda,Monkey 125,MOTORCYCLE,MOTORCYCLE,SMALL,HIGH,LOW,LOW,MEDIUM,LOW,LOW,HIGH,HIGH,MODEL_PROFILE_AI,1.0,2026-09-04T21:21:02+00:00
Honda,N-Box,CAR,MPV,MICRO,HIGH,LOW,MEDIUM,LOW,HIGH,HIGH,HIGH,HIGH,MODEL_PROFILE_AI,1.0,2026-09-04T21:21:41+00:00
Honda,N-One,CAR,HATCHBACK,MICRO,HIGH,LOW,MEDIUM,LOW,MEDIUM,MEDIUM,HIGH,HIGH,MODEL_PROFILE_AI,1.0,2026-09-04T21:21:50+00:00
Honda,NC 750 X,MOTORCYCLE,MOTORCYCLE,UNKNOWN,HIGH,LOW,HIGH,MEDIUM,HIGH,LOW,HIGH,HIGH,MODEL_PROFILE_AI,1.0,2026-09-04T21:22:32+00:00
Honda,NC 750 X DCT,MOTORCYCLE,MOTORCYCLE,UNKNOWN,HIGH,LOW,HIGH,MEDIUM,HIGH,LOW,HIGH,HIGH,MODEL_PROFILE_AI,1.0,2026-09-04T21:22:23+00:00
Honda,NSS300 Forza,SCOOTER,SCOOTER,UNKNOWN,HIGH,MEDIUM,HIGH,MEDIUM,HIGH,MEDIUM,HIGH,HIGH,MODEL_PROFILE_AI,1.0,2026-09-04T21:21:31+00:00
Honda,NX500,MOTORCYCLE,MOTORCYCLE,UNKNOWN,MEDIUM,LOW,MEDIUM,MEDIUM,MEDIUM,LOW,MEDIUM,HIGH,MODEL_PROFILE_AI,1.0,2026-09-04T21:22:42+00:00
Honda,Rebel 500,MOTORCYCLE,MOTORCYCLE,UNKNOWN,MEDIUM,LOW,MEDIUM,MEDIUM,MEDIUM,LOW,MEDIUM,HIGH,MODEL_PROFILE_AI,1.0,2026-09-04T21:22:32+00:00
Honda,S2000,CAR,CONVERTIBLE,COMPACT,LOW,LOW,LOW,HIGH,LOW,LOW,LOW,HIGH,MODEL_PROFILE_AI,1.0,2026-09-04T21:23:33+00:00
Honda,S660,CAR,CONVERTIBLE,SMALL,HIGH,LOW,LOW,HIGH,LOW,LOW,MEDIUM,HIGH,MODEL_PROFILE_AI,1.0,2026-09-04T21:23:24+00:00
Honda,Shuttle,CAR,WAGON,COMPACT,HIGH,LOW,MEDIUM,LOW,HIGH,HIGH,HIGH,HIGH,MODEL_PROFILE_AI,1.0,2026-09-04T21:22:32+00:00
Honda,Stepwgn,CAR,MPV,LARGE,MEDIUM,LOW,HIGH,LOW,HIGH,HIGH,MEDIUM,HIGH,MODEL_PROFILE_AI,1.0,2026-09-04T21:23:33+00:00
Honda,Transalp750,MOTORCYCLE,MOTORCYCLE,UNKNOWN,MEDIUM,LOW,MEDIUM,HIGH,MEDIUM,LOW,MEDIUM,HIGH,MODEL_PROFILE_AI,1.0,2026-09-04T21:22:53+00:00
Honda,Vezel,CAR,CROSSOVER,COMPACT,HIGH,LOW,MEDIUM,MEDIUM,HIGH,HIGH,HIGH,HIGH,MODEL_PROFILE_AI,1.0,2026-09-04T21:22:53+00:00
Honda,VT 750 C Shadow,MOTORCYCLE,MOTORCYCLE,UNKNOWN,MEDIUM,LOW,MEDIUM,MEDIUM,LOW,LOW,MEDIUM,HIGH,MODEL_PROFILE_AI,1.0,2026-09-04T21:21:50+00:00
Honda,WR-V,CAR,CROSSOVER,SMALL,HIGH,LOW,MEDIUM,LOW,HIGH,HIGH,HIGH,HIGH,MODEL_PROFILE_AI,1.0,2026-09-04T21:23:24+00:00
Honda,XL 700 Transalp,MOTORCYCLE,MOTORCYCLE,UNKNOWN,MEDIUM,LOW,MEDIUM,MEDIUM,MEDIUM,LOW,MEDIUM,HIGH,MODEL_PROFILE_AI,1.0,2026-09-04T21:22:53+00:00
Honda,ZR-V,CAR,CROSSOVER,COMPACT,HIGH,LOW,HIGH,MEDIUM,HIGH,HIGH,HIGH,HIGH,MODEL_PROFILE_AI,1.0,2026-09-04T21:23:43+00:00
Hummer,H2,CAR,SUV,LARGE,LOW,MEDIUM,MEDIUM,MEDIUM,HIGH,MEDIUM,LOW,HIGH,MODEL_PROFILE_AI,1.0,2026-09-04T21:24:14+00:00
Hummer,H3,CAR,SUV,MIDSIZE,LOW,LOW,MEDIUM,MEDIUM,MEDIUM,MEDIUM,LOW,HIGH,MODEL_PROFILE_AI,1.0,2026-09-04T21:24:28+00:00
Hyosung,GV 650,MOTORCYCLE,MOTORCYCLE,MIDSIZE,MEDIUM,LOW,HIGH,MEDIUM,LOW,LOW,MEDIUM,HIGH,MODEL_PROFILE_AI,1.0,2026-09-04T21:21:12+00:00
Hyundai,Bayon,CAR,CROSSOVER,SMALL,HIGH,LOW,MEDIUM,LOW,MEDIUM,MEDIUM,HIGH,HIGH,MODEL_PROFILE_AI,1.0,2026-09-04T21:23:14+00:00
Hyundai,Coupe,CAR,COUPE,COMPACT,MEDIUM,LOW,MEDIUM,MEDIUM,LOW,LOW,MEDIUM,HIGH,MODEL_PROFILE_AI,1.0,2026-09-04T21:20:21+00:00
Hyundai,Elantra,CAR,SEDAN,COMPACT,HIGH,LOW,MEDIUM,MEDIUM,HIGH,HIGH,HIGH,HIGH,MODEL_PROFILE_AI,1.0,2026-09-04T21:21:02+00:00
Hyundai,Getz,CAR,HATCHBACK,SMALL,HIGH,LOW,MEDIUM,LOW,MEDIUM,MEDIUM,HIGH,HIGH,MODEL_PROFILE_AI,1.0,2026-09-04T21:20:11+00:00
Hyundai,H 1,VAN,VAN,LARGE,MEDIUM,LOW,MEDIUM,MEDIUM,HIGH,HIGH,MEDIUM,HIGH,MODEL_PROFILE_AI,1.0,2026-09-04T21:21:41+00:00
Hyundai,i10,CAR,HATCHBACK,MICRO,HIGH,LOW,MEDIUM,LOW,MEDIUM,MEDIUM,HIGH,HIGH,MODEL_PROFILE_AI,1.0,2026-09-04T21:20:11+00:00
Hyundai,i20,CAR,HATCHBACK,SMALL,HIGH,LOW,MEDIUM,LOW,MEDIUM,MEDIUM,HIGH,HIGH,MODEL_PROFILE_AI,1.0,2026-09-04T21:20:21+00:00
Hyundai,i30,CAR,HATCHBACK,COMPACT,HIGH,LOW,MEDIUM,MEDIUM,HIGH,HIGH,HIGH,HIGH,MODEL_PROFILE_AI,1.0,2026-09-04T21:21:02+00:00
Hyundai,ix35,CAR,SUV,COMPACT,MEDIUM,LOW,MEDIUM,MEDIUM,HIGH,HIGH,HIGH,HIGH,MODEL_PROFILE_AI,1.0,2026-09-04T21:21:41+00:00
Hyundai,Kona,CAR,CROSSOVER,SMALL,HIGH,LOW,MEDIUM,MEDIUM,MEDIUM,MEDIUM,HIGH,HIGH,MODEL_PROFILE_AI,1.0,2026-09-04T21:22:42+00:00
Hyundai,Matrix,CAR,MPV,COMPACT,MEDIUM,LOW,MEDIUM,LOW,HIGH,HIGH,MEDIUM,HIGH,MODEL_PROFILE_AI,1.0,2026-09-04T21:19:50+00:00
Hyundai,Santa Fe,CAR,SUV,LARGE,LOW,MEDIUM,HIGH,MEDIUM,HIGH,HIGH,MEDIUM,HIGH,MODEL_PROFILE_AI,1.0,2026-09-04T21:20:21+00:00
Hyundai,Terracan,CAR,SUV,LARGE,LOW,LOW,MEDIUM,MEDIUM,HIGH,HIGH,LOW,HIGH,MODEL_PROFILE_AI,1.0,2026-09-04T21:22:23+00:00
Hyundai,Tucson,CAR,SUV,MIDSIZE,MEDIUM,LOW,HIGH,MEDIUM,HIGH,HIGH,MEDIUM,HIGH,MODEL_PROFILE_AI,1.0,2026-09-04T21:20:41+00:00
Hyundai,Tuscani,CAR,COUPE,COMPACT,MEDIUM,LOW,MEDIUM,MEDIUM,LOW,LOW,MEDIUM,HIGH,MODEL_PROFILE_AI,1.0,2026-09-04T21:20:52+00:00
Hyundai,Veloster,CAR,HATCHBACK,COMPACT,MEDIUM,LOW,MEDIUM,MEDIUM,MEDIUM,LOW,HIGH,HIGH,MODEL_PROFILE_AI,1.0,2026-09-04T21:21:31+00:00
Indian,Scout,MOTORCYCLE,MOTORCYCLE,UNKNOWN,LOW,MEDIUM,MEDIUM,MEDIUM,LOW,LOW,LOW,HIGH,MODEL_PROFILE_AI,1.0,2026-09-04T21:23:24+00:00
Indian,Scout Bobber,MOTORCYCLE,MOTORCYCLE,UNKNOWN,LOW,MEDIUM,MEDIUM,MEDIUM,LOW,LOW,MEDIUM,HIGH,MODEL_PROFILE_AI,1.0,2026-09-04T21:23:33+00:00
Isuzu,Bighorn,CAR,SUV,LARGE,LOW,LOW,MEDIUM,MEDIUM,HIGH,HIGH,LOW,HIGH,MODEL_PROFILE_AI,1.0,2026-09-04T21:20:52+00:00
Isuzu,D-Max,PICKUP,PICKUP,LARGE,MEDIUM,LOW,MEDIUM,MEDIUM,HIGH,MEDIUM,MEDIUM,HIGH,MODEL_PROFILE_AI,1.0,2026-09-04T21:22:00+00:00
Isuzu,Mu,CAR,SUV,MIDSIZE,LOW,LOW,MEDIUM,MEDIUM,HIGH,MEDIUM,LOW,HIGH,MODEL_PROFILE_AI,1.0,2026-09-04T21:20:52+00:00
Isuzu,Rodeo,PICKUP,PICKUP,MIDSIZE,MEDIUM,LOW,MEDIUM,MEDIUM,HIGH,MEDIUM,MEDIUM,HIGH,MODEL_PROFILE_AI,1.0,2026-09-04T21:22:10+00:00
Isuzu,Rodeo Denver,PICKUP,PICKUP,LARGE,MEDIUM,LOW,MEDIUM,MEDIUM,HIGH,MEDIUM,MEDIUM,HIGH,MODEL_PROFILE_AI,1.0,2026-09-04T21:22:32+00:00
Isuzu,Trooper,UNKNOWN,SUV,LARGE,LOW,LOW,MEDIUM,MEDIUM,HIGH,HIGH,LOW,HIGH,MODEL_PROFILE_AI,1.0,2026-09-04T21:21:50+00:00
İş,Makineleri Ekskavatör (Kepçe),OTHER,OTHER,UNKNOWN,UNKNOWN,UNKNOWN,UNKNOWN,UNKNOWN,UNKNOWN,UNKNOWN,UNKNOWN,HIGH,MODEL_PROFILE_AI,1.0,2026-09-04T21:23:33+00:00
Jaguar,E-Pace,CAR,SUV,COMPACT,MEDIUM,HIGH,HIGH,MEDIUM,MEDIUM,MEDIUM,MEDIUM,HIGH,MODEL_PROFILE_AI,1.0,2026-09-04T21:23:14+00:00
Jaguar,F-Pace,CAR,SUV,MIDSIZE,MEDIUM,HIGH,HIGH,HIGH,HIGH,HIGH,MEDIUM,HIGH,MODEL_PROFILE_AI,1.0,2026-09-04T21:23:24+00:00
Jaguar,I-Pace,CAR,SUV,MIDSIZE,MEDIUM,HIGH,HIGH,HIGH,MEDIUM,MEDIUM,MEDIUM,HIGH,MODEL_PROFILE_AI,1.0,2026-09-04T21:23:43+00:00
Jaguar,S-Type,CAR,SEDAN,LARGE,LOW,HIGH,HIGH,MEDIUM,MEDIUM,MEDIUM,MEDIUM,HIGH,MODEL_PROFILE_AI,1.0,2026-09-04T21:21:31+00:00
Jaguar,X-Type,CAR,SEDAN,MIDSIZE,LOW,HIGH,HIGH,MEDIUM,MEDIUM,MEDIUM,MEDIUM,HIGH,MODEL_PROFILE_AI,1.0,2026-09-04T21:20:41+00:00
Jaguar,XE,CAR,SEDAN,COMPACT,MEDIUM,HIGH,HIGH,HIGH,MEDIUM,MEDIUM,HIGH,HIGH,MODEL_PROFILE_AI,1.0,2026-09-04T21:22:23+00:00
Jaguar,XF,CAR,SEDAN,LARGE,MEDIUM,HIGH,HIGH,MEDIUM,MEDIUM,HIGH,MEDIUM,HIGH,MODEL_PROFILE_AI,1.0,2026-09-04T21:22:10+00:00
Jaguar,XJ,CAR,SEDAN,LARGE,LOW,HIGH,HIGH,MEDIUM,MEDIUM,MEDIUM,MEDIUM,HIGH,MODEL_PROFILE_AI,1.0,2026-09-04T21:23:53+00:00
Jaguar,XJS,CAR,COUPE,LARGE,LOW,HIGH,HIGH,MEDIUM,LOW,LOW,LOW,HIGH,MODEL_PROFILE_AI,1.0,2026-09-04T21:23:33+00:00
Jaguar,XK8,CAR,COUPE,LARGE,LOW,HIGH,HIGH,MEDIUM,LOW,LOW,LOW,HIGH,MODEL_PROFILE_AI,1.0,2026-09-04T21:23:24+00:00
Jaguar,XKR,CAR,COUPE,LARGE,LOW,HIGH,HIGH,HIGH,LOW,LOW,MEDIUM,HIGH,MODEL_PROFILE_AI,1.0,2026-09-04T21:23:33+00:00
Jeep,Avenger,CAR,CROSSOVER,SMALL,HIGH,LOW,MEDIUM,LOW,MEDIUM,MEDIUM,HIGH,HIGH,MODEL_PROFILE_AI,1.0,2026-09-04T21:23:53+00:00
Jeep,Cherokee,CAR,SUV,MIDSIZE,LOW,MEDIUM,MEDIUM,MEDIUM,HIGH,HIGH,MEDIUM,HIGH,MODEL_PROFILE_AI,1.0,2026-09-04T21:21:31+00:00
Jeep,Compass,CAR,SUV,COMPACT,MEDIUM,LOW,MEDIUM,MEDIUM,HIGH,HIGH,MEDIUM,HIGH,MODEL_PROFILE_AI,1.0,2026-09-04T21:23:24+00:00
Jeep,Gladiator,PICKUP,PICKUP,LARGE,LOW,LOW,MEDIUM,MEDIUM,HIGH,MEDIUM,MEDIUM,HIGH,MODEL_PROFILE_AI,1.0,2026-09-04T21:24:28+00:00
Jeep,Grand Cherokee,CAR,SUV,LARGE,LOW,MEDIUM,HIGH,MEDIUM,HIGH,HIGH,MEDIUM,HIGH,MODEL_PROFILE_AI,1.0,2026-09-04T21:21:22+00:00
Jeep,Renegade,CAR,SUV,COMPACT,MEDIUM,LOW,MEDIUM,MEDIUM,HIGH,MEDIUM,MEDIUM,HIGH,MODEL_PROFILE_AI,1.0,2026-09-04T21:22:10+00:00
Jeep,Wrangler,CAR,SUV,MIDSIZE,LOW,LOW,MEDIUM,MEDIUM,MEDIUM,MEDIUM,LOW,HIGH,MODEL_PROFILE_AI,1.0,2026-09-04T21:22:32+00:00
Jet,Ski,OTHER,OTHER,UNKNOWN,UNKNOWN,UNKNOWN,UNKNOWN,UNKNOWN,UNKNOWN,UNKNOWN,UNKNOWN,LOW,MODEL_PROFILE_AI,1.0,2026-09-04T21:20:11+00:00
Kawasaki,KX 450F,MOTORCYCLE,MOTORCYCLE,UNKNOWN,MEDIUM,LOW,LOW,HIGH,LOW,LOW,LOW,HIGH,MODEL_PROFILE_AI,1.0,2026-09-04T21:21:50+00:00
Kawasaki,Ninja 650,MOTORCYCLE,MOTORCYCLE,UNKNOWN,MEDIUM,LOW,MEDIUM,HIGH,LOW,LOW,MEDIUM,HIGH,MODEL_PROFILE_AI,1.0,2026-09-04T21:22:00+00:00
Kawasaki,Ninja ZX-10R,MOTORCYCLE,MOTORCYCLE,UNKNOWN,LOW,LOW,LOW,HIGH,LOW,LOW,LOW,HIGH,MODEL_PROFILE_AI,1.0,2026-09-04T21:23:24+00:00
Kawasaki,Ninja ZX-6R,MOTORCYCLE,MOTORCYCLE,UNKNOWN,MEDIUM,LOW,LOW,HIGH,LOW,LOW,MEDIUM,HIGH,MODEL_PROFILE_AI,1.0,2026-09-04T21:22:10+00:00
Kawasaki,Versys X300,MOTORCYCLE,MOTORCYCLE,UNKNOWN,HIGH,LOW,MEDIUM,MEDIUM,MEDIUM,LOW,HIGH,HIGH,MODEL_PROFILE_AI,1.0,2026-09-04T21:21:41+00:00
Kawasaki,VN 800 Classic,MOTORCYCLE,MOTORCYCLE,UNKNOWN,MEDIUM,LOW,MEDIUM,MEDIUM,LOW,LOW,LOW,HIGH,MODEL_PROFILE_AI,1.0,2026-09-04T21:21:31+00:00
Kawasaki,Vulcan S,MOTORCYCLE,MOTORCYCLE,UNKNOWN,MEDIUM,LOW,HIGH,MEDIUM,LOW,LOW,MEDIUM,HIGH,MODEL_PROFILE_AI,1.0,2026-09-04T21:22:32+00:00
Kawasaki,ZX 4RR,MOTORCYCLE,MOTORCYCLE,UNKNOWN,MEDIUM,LOW,LOW,HIGH,LOW,LOW,LOW,HIGH,MODEL_PROFILE_AI,1.0,2026-09-04T21:22:53+00:00
Kia,Carnival,CAR,MPV,LARGE,MEDIUM,LOW,HIGH,LOW,HIGH,HIGH,MEDIUM,HIGH,MODEL_PROFILE_AI,1.0,2026-09-04T21:24:14+00:00
Kia,Cerato,CAR,SEDAN,COMPACT,HIGH,LOW,MEDIUM,MEDIUM,HIGH,HIGH,HIGH,HIGH,MODEL_PROFILE_AI,1.0,2026-09-04T21:22:00+00:00
Kia,Optima,CAR,SEDAN,MIDSIZE,MEDIUM,LOW,MEDIUM,MEDIUM,MEDIUM,HIGH,HIGH,HIGH,MODEL_PROFILE_AI,1.0,2026-09-04T21:22:32+00:00
Kia,Picanto,CAR,HATCHBACK,MICRO,HIGH,LOW,MEDIUM,LOW,MEDIUM,MEDIUM,HIGH,HIGH,MODEL_PROFILE_AI,1.0,2026-09-04T21:21:22+00:00
Kia,Seltos,CAR,SUV,COMPACT,MEDIUM,LOW,MEDIUM,MEDIUM,HIGH,HIGH,HIGH,HIGH,MODEL_PROFILE_AI,1.0,2026-09-05T06:11:44+00:00
Kia,Sorento,CAR,SUV,LARGE,LOW,MEDIUM,MEDIUM,MEDIUM,HIGH,HIGH,MEDIUM,HIGH,MODEL_PROFILE_AI,1.0,2026-09-04T21:20:52+00:00
Kia,Sportage,CAR,SUV,COMPACT,MEDIUM,LOW,MEDIUM,MEDIUM,HIGH,HIGH,HIGH,HIGH,MODEL_PROFILE_AI,1.0,2026-09-04T21:20:52+00:00
KTM,125 Duke,MOTORCYCLE,MOTORCYCLE,UNKNOWN,HIGH,LOW,LOW,MEDIUM,MEDIUM,LOW,HIGH,HIGH,MODEL_PROFILE_AI,1.0,2026-09-04T21:20:30+00:00
KTM,1290 Super Duke R,MOTORCYCLE,MOTORCYCLE,UNKNOWN,LOW,LOW,LOW,HIGH,LOW,LOW,LOW,HIGH,MODEL_PROFILE_AI,1.0,2026-09-04T21:22:42+00:00
KTM,150 SX,MOTORCYCLE,MOTORCYCLE,UNKNOWN,MEDIUM,LOW,LOW,HIGH,LOW,LOW,LOW,HIGH,MODEL_PROFILE_AI,1.0,2026-09-04T21:21:50+00:00
KTM,390 Adventure,MOTORCYCLE,MOTORCYCLE,UNKNOWN,MEDIUM,LOW,MEDIUM,HIGH,MEDIUM,LOW,MEDIUM,HIGH,MODEL_PROFILE_AI,1.0,2026-09-04T21:21:31+00:00
KTM,390 RC,MOTORCYCLE,MOTORCYCLE,SMALL,MEDIUM,LOW,LOW,HIGH,LOW,LOW,MEDIUM,HIGH,MODEL_PROFILE_AI,1.0,2026-09-04T21:21:12+00:00
KTM,790 Adventure,MOTORCYCLE,MOTORCYCLE,UNKNOWN,MEDIUM,LOW,MEDIUM,HIGH,MEDIUM,LOW,MEDIUM,HIGH,MODEL_PROFILE_AI,1.0,2026-09-04T21:22:42+00:00
KTM,790 Duke,MOTORCYCLE,MOTORCYCLE,UNKNOWN,MEDIUM,LOW,LOW,HIGH,LOW,LOW,MEDIUM,HIGH,MODEL_PROFILE_AI,1.0,2026-09-04T21:22:10+00:00
KTM,950 Adventure,MOTORCYCLE,MOTORCYCLE,LARGE,LOW,LOW,MEDIUM,HIGH,MEDIUM,LOW,LOW,HIGH,MODEL_PROFILE_AI,1.0,2026-09-04T21:21:12+00:00
Kuba,Brilliand,SCOOTER,SCOOTER,UNKNOWN,HIGH,LOW,MEDIUM,LOW,MEDIUM,LOW,HIGH,MEDIUM,MODEL_PROFILE_AI,1.0,2026-09-04T21:19:50+00:00
Kuba,Pesaro,SCOOTER,SCOOTER,UNKNOWN,HIGH,LOW,MEDIUM,LOW,MEDIUM,LOW,HIGH,MEDIUM,MODEL_PROFILE_AI,1.0,2026-09-04T21:19:50+00:00
Lamborghini,Gallardo,CAR,COUPE,MIDSIZE,LOW,HIGH,LOW,HIGH,LOW,LOW,LOW,HIGH,MODEL_PROFILE_AI,1.0,2026-09-04T21:24:28+00:00
Lamborghini,Urus,CAR,SUV,LARGE,LOW,HIGH,HIGH,HIGH,MEDIUM,MEDIUM,MEDIUM,HIGH,MODEL_PROFILE_AI,1.0,2026-09-04T21:24:28+00:00
Land Rover,Defender,UNKNOWN,SUV,LARGE,LOW,MEDIUM,MEDIUM,HIGH,HIGH,HIGH,LOW,HIGH,MODEL_PROFILE_AI,1.0,2026-09-04T21:21:50+00:00
Land Rover,Discovery,CAR,SUV,LARGE,LOW,HIGH,HIGH,MEDIUM,HIGH,HIGH,MEDIUM,HIGH,MODEL_PROFILE_AI,1.0,2026-09-04T21:22:00+00:00
Land Rover,Discovery Sport,CAR,SUV,MIDSIZE,MEDIUM,HIGH,HIGH,MEDIUM,HIGH,HIGH,MEDIUM,HIGH,MODEL_PROFILE_AI,1.0,2026-09-04T21:23:04+00:00
Land Rover,Freelander,CAR,SUV,COMPACT,LOW,MEDIUM,MEDIUM,MEDIUM,HIGH,HIGH,MEDIUM,HIGH,MODEL_PROFILE_AI,1.0,2026-09-04T21:20:30+00:00
Land Rover,Range Rover,CAR,SUV,LARGE,LOW,HIGH,HIGH,HIGH,HIGH,HIGH,MEDIUM,HIGH,MODEL_PROFILE_AI,1.0,2026-09-04T21:21:02+00:00
Land Rover,Range Rover Evoque,CAR,SUV,COMPACT,LOW,HIGH,HIGH,MEDIUM,MEDIUM,MEDIUM,MEDIUM,HIGH,MODEL_PROFILE_AI,1.0,2026-09-04T21:22:32+00:00
Land Rover,Range Rover Sport,UNKNOWN,SUV,LARGE,LOW,HIGH,HIGH,HIGH,MEDIUM,HIGH,LOW,HIGH,MODEL_PROFILE_AI,1.0,2026-09-04T21:21:50+00:00
Land Rover,Range Rover Velar,CAR,SUV,MIDSIZE,MEDIUM,HIGH,HIGH,HIGH,MEDIUM,MEDIUM,MEDIUM,HIGH,MODEL_PROFILE_AI,1.0,2026-09-04T21:23:43+00:00
Lexus,ES,CAR,SEDAN,LARGE,MEDIUM,HIGH,HIGH,LOW,MEDIUM,MEDIUM,HIGH,HIGH,MODEL_PROFILE_AI,1.0,2026-09-04T21:24:02+00:00
Lexus,NX,CAR,SUV,COMPACT,MEDIUM,HIGH,HIGH,MEDIUM,HIGH,HIGH,HIGH,HIGH,MODEL_PROFILE_AI,1.0,2026-09-04T21:24:02+00:00
Lexus,NX 300h,CAR,SUV,COMPACT,HIGH,HIGH,HIGH,MEDIUM,HIGH,HIGH,HIGH,HIGH,MODEL_PROFILE_AI,1.0,2026-09-04T21:23:53+00:00
Lexus,RC 200t,CAR,COUPE,MIDSIZE,MEDIUM,HIGH,HIGH,MEDIUM,LOW,LOW,MEDIUM,HIGH,MODEL_PROFILE_AI,1.0,2026-09-04T21:23:33+00:00
Lexus,RC 350 F 3.5L,CAR,COUPE,COMPACT,LOW,HIGH,MEDIUM,HIGH,LOW,LOW,MEDIUM,HIGH,MODEL_PROFILE_AI,1.0,2026-09-04T21:23:53+00:00
Lexus,UX,CAR,CROSSOVER,COMPACT,HIGH,HIGH,HIGH,MEDIUM,MEDIUM,MEDIUM,HIGH,HIGH,MODEL_PROFILE_AI,1.0,2026-09-04T21:23:43+00:00
MAN,TGE,VAN,VAN,LARGE,MEDIUM,LOW,MEDIUM,MEDIUM,HIGH,MEDIUM,LOW,HIGH,MODEL_PROFILE_AI,1.0,2026-09-04T21:23:43+00:00
Maserati,Ghibli,CAR,SEDAN,MIDSIZE,LOW,HIGH,HIGH,HIGH,MEDIUM,MEDIUM,MEDIUM,HIGH,MODEL_PROFILE_AI,1.0,2026-09-04T21:23:53+00:00
Maserati,Levante,CAR,SUV,LARGE,LOW,HIGH,HIGH,HIGH,MEDIUM,MEDIUM,LOW,HIGH,MODEL_PROFILE_AI,1.0,2026-09-04T21:24:14+00:00
Maserati,MC20,CAR,COUPE,MIDSIZE,LOW,HIGH,MEDIUM,HIGH,LOW,LOW,LOW,HIGH,MODEL_PROFILE_AI,1.0,2026-09-04T21:24:28+00:00
Mazda,2,CAR,HATCHBACK,SMALL,HIGH,LOW,MEDIUM,MEDIUM,MEDIUM,MEDIUM,HIGH,HIGH,MODEL_PROFILE_AI,1.0,2026-09-04T21:21:41+00:00
Mazda,3,CAR,HATCHBACK,COMPACT,HIGH,LOW,MEDIUM,MEDIUM,HIGH,MEDIUM,HIGH,HIGH,MODEL_PROFILE_AI,1.0,2026-09-04T21:20:41+00:00
Mazda,6,CAR,SEDAN,MIDSIZE,MEDIUM,MEDIUM,HIGH,MEDIUM,MEDIUM,HIGH,HIGH,HIGH,MODEL_PROFILE_AI,1.0,2026-09-04T21:22:32+00:00
Mazda,Atenza,CAR,SEDAN,MIDSIZE,MEDIUM,MEDIUM,HIGH,MEDIUM,HIGH,HIGH,HIGH,HIGH,MODEL_PROFILE_AI,1.0,2026-09-04T21:21:12+00:00
Mazda,Axela,CAR,HATCHBACK,COMPACT,MEDIUM,LOW,MEDIUM,MEDIUM,HIGH,MEDIUM,HIGH,HIGH,MODEL_PROFILE_AI,1.0,2026-09-04T21:20:30+00:00
Mazda,B Serisi,PICKUP,PICKUP,LARGE,MEDIUM,LOW,LOW,MEDIUM,HIGH,MEDIUM,LOW,HIGH,MODEL_PROFILE_AI,1.0,2026-09-04T21:22:23+00:00
Mazda,Bango,UNKNOWN,UNKNOWN,UNKNOWN,UNKNOWN,UNKNOWN,UNKNOWN,UNKNOWN,UNKNOWN,UNKNOWN,UNKNOWN,LOW,MODEL_PROFILE_AI,1.0,2026-09-04T21:22:42+00:00
Mazda,Biante,CAR,MPV,MIDSIZE,MEDIUM,LOW,HIGH,LOW,HIGH,HIGH,MEDIUM,HIGH,MODEL_PROFILE_AI,1.0,2026-09-04T21:22:42+00:00
Mazda,Carol,CAR,HATCHBACK,MICRO,HIGH,LOW,LOW,LOW,MEDIUM,LOW,HIGH,HIGH,MODEL_PROFILE_AI,1.0,2026-09-04T21:20:41+00:00
Mazda,CX-3,CAR,CROSSOVER,COMPACT,MEDIUM,MEDIUM,MEDIUM,MEDIUM,MEDIUM,MEDIUM,HIGH,HIGH,MODEL_PROFILE_AI,1.0,2026-09-04T21:22:32+00:00
Mazda,CX-30,CAR,CROSSOVER,COMPACT,MEDIUM,MEDIUM,MEDIUM,MEDIUM,MEDIUM,MEDIUM,HIGH,HIGH,MODEL_PROFILE_AI,1.0,2026-09-04T21:23:24+00:00
Mazda,CX-5,CAR,SUV,COMPACT,MEDIUM,MEDIUM,HIGH,MEDIUM,HIGH,HIGH,HIGH,HIGH,MODEL_PROFILE_AI,1.0,2026-09-04T21:23:04+00:00
Mazda,CX-60,CAR,SUV,MIDSIZE,MEDIUM,MEDIUM,HIGH,MEDIUM,HIGH,HIGH,MEDIUM,HIGH,MODEL_PROFILE_AI,1.0,2026-09-04T21:23:53+00:00
Mazda,CX-8,CAR,SUV,LARGE,MEDIUM,MEDIUM,HIGH,MEDIUM,HIGH,HIGH,MEDIUM,HIGH,MODEL_PROFILE_AI,1.0,2026-09-04T21:23:33+00:00
Mazda,Demio,CAR,HATCHBACK,SMALL,HIGH,LOW,MEDIUM,LOW,HIGH,MEDIUM,HIGH,HIGH,MODEL_PROFILE_AI,1.0,2026-09-04T21:20:01+00:00
Mazda,Familia,CAR,SEDAN,COMPACT,MEDIUM,LOW,MEDIUM,LOW,MEDIUM,MEDIUM,MEDIUM,HIGH,MODEL_PROFILE_AI,1.0,2026-09-04T21:20:01+00:00
Mazda,MX,CAR,UNKNOWN,UNKNOWN,UNKNOWN,UNKNOWN,UNKNOWN,UNKNOWN,UNKNOWN,UNKNOWN,UNKNOWN,LOW,MODEL_PROFILE_AI,1.0,2026-09-04T21:22:10+00:00
Mazda,MX-30,CAR,CROSSOVER,COMPACT,HIGH,MEDIUM,MEDIUM,LOW,MEDIUM,MEDIUM,HIGH,HIGH,MODEL_PROFILE_AI,1.0,2026-09-04T21:23:24+00:00
Mazda,Premacy,CAR,MPV,COMPACT,MEDIUM,LOW,MEDIUM,LOW,HIGH,HIGH,MEDIUM,HIGH,MODEL_PROFILE_AI,1.0,2026-09-04T21:22:23+00:00
Mazda,Roadstar,CAR,CONVERTIBLE,COMPACT,MEDIUM,LOW,MEDIUM,HIGH,LOW,LOW,MEDIUM,MEDIUM,MODEL_PROFILE_AI,1.0,2026-09-04T21:22:00+00:00
Mazda,Roadster V5,CAR,CONVERTIBLE,COMPACT,MEDIUM,MEDIUM,LOW,HIGH,LOW,LOW,MEDIUM,MEDIUM,MODEL_PROFILE_AI,1.0,2026-09-04T21:22:53+00:00
Mazda,RX 7,CAR,COUPE,COMPACT,LOW,LOW,MEDIUM,HIGH,LOW,LOW,LOW,HIGH,MODEL_PROFILE_AI,1.0,2026-09-04T21:24:02+00:00
Mazda,RX 8,CAR,COUPE,COMPACT,LOW,LOW,MEDIUM,HIGH,LOW,LOW,LOW,HIGH,MODEL_PROFILE_AI,1.0,2026-09-04T21:21:31+00:00
Mercedes-Benz,190,CAR,SEDAN,COMPACT,MEDIUM,MEDIUM,MEDIUM,MEDIUM,MEDIUM,MEDIUM,MEDIUM,HIGH,MODEL_PROFILE_AI,1.0,2026-09-04T21:22:00+00:00
Mercedes-Benz,200,CAR,SEDAN,MIDSIZE,MEDIUM,MEDIUM,HIGH,LOW,MEDIUM,MEDIUM,MEDIUM,LOW,MODEL_PROFILE_AI,1.0,2026-09-04T21:22:23+00:00
Mercedes-Benz,260 E,CAR,SEDAN,MIDSIZE,MEDIUM,MEDIUM,HIGH,LOW,MEDIUM,MEDIUM,MEDIUM,HIGH,MODEL_PROFILE_AI,1.0,2026-09-04T21:23:53+00:00
Mercedes-Benz,280 SE,CAR,SEDAN,LARGE,LOW,HIGH,HIGH,MEDIUM,MEDIUM,HIGH,LOW,HIGH,MODEL_PROFILE_AI,1.0,2026-09-04T21:22:10+00:00
Mercedes-Benz,300 D,CAR,SEDAN,LARGE,MEDIUM,HIGH,HIGH,MEDIUM,MEDIUM,HIGH,MEDIUM,MEDIUM,MODEL_PROFILE_AI,1.0,2026-09-04T21:21:12+00:00
Mercedes-Benz,A Serisi,CAR,HATCHBACK,COMPACT,MEDIUM,HIGH,MEDIUM,MEDIUM,MEDIUM,MEDIUM,HIGH,HIGH,MODEL_PROFILE_AI,1.0,2026-09-04T21:20:01+00:00
Mercedes-Benz,AMG GT,CAR,COUPE,MIDSIZE,LOW,HIGH,HIGH,HIGH,LOW,LOW,MEDIUM,HIGH,MODEL_PROFILE_AI,1.0,2026-09-04T21:24:28+00:00
Mercedes-Benz,B Serisi,CAR,MPV,COMPACT,MEDIUM,HIGH,HIGH,MEDIUM,HIGH,HIGH,HIGH,HIGH,MODEL_PROFILE_AI,1.0,2026-09-04T21:20:30+00:00
Mercedes-Benz,C Serisi,CAR,SEDAN,MIDSIZE,MEDIUM,HIGH,HIGH,MEDIUM,MEDIUM,MEDIUM,HIGH,HIGH,MODEL_PROFILE_AI,1.0,2026-09-04T21:20:01+00:00
Mercedes-Benz,Citan,VAN,VAN,COMPACT,MEDIUM,MEDIUM,MEDIUM,LOW,HIGH,HIGH,MEDIUM,HIGH,MODEL_PROFILE_AI,1.0,2026-09-04T21:21:02+00:00
Mercedes-Benz,CL,CAR,COUPE,LARGE,LOW,HIGH,HIGH,MEDIUM,LOW,LOW,MEDIUM,HIGH,MODEL_PROFILE_AI,1.0,2026-09-04T21:24:02+00:00
Mercedes-Benz,CLA,CAR,SEDAN,COMPACT,MEDIUM,HIGH,MEDIUM,MEDIUM,MEDIUM,MEDIUM,HIGH,HIGH,MODEL_PROFILE_AI,1.0,2026-09-04T21:23:04+00:00
Mercedes-Benz,CLC,CAR,COUPE,COMPACT,MEDIUM,HIGH,MEDIUM,MEDIUM,LOW,LOW,MEDIUM,HIGH,MODEL_PROFILE_AI,1.0,2026-09-04T21:22:00+00:00
Mercedes-Benz,CLE Coupé,CAR,COUPE,MIDSIZE,MEDIUM,HIGH,HIGH,MEDIUM,LOW,LOW,MEDIUM,HIGH,MODEL_PROFILE_AI,1.0,2026-09-04T21:24:14+00:00
Mercedes-Benz,CLK,CAR,COUPE,MIDSIZE,MEDIUM,HIGH,HIGH,MEDIUM,LOW,LOW,MEDIUM,HIGH,MODEL_PROFILE_AI,1.0,2026-09-04T21:21:02+00:00
Mercedes-Benz,CLS,CAR,COUPE,LARGE,MEDIUM,HIGH,HIGH,HIGH,MEDIUM,MEDIUM,MEDIUM,HIGH,MODEL_PROFILE_AI,1.0,2026-09-04T21:22:53+00:00
Mercedes-Benz,E Serisi,CAR,SEDAN,LARGE,MEDIUM,HIGH,HIGH,MEDIUM,MEDIUM,HIGH,MEDIUM,HIGH,MODEL_PROFILE_AI,1.0,2026-09-04T21:20:21+00:00
Mercedes-Benz,EQA,CAR,SUV,COMPACT,HIGH,HIGH,HIGH,MEDIUM,MEDIUM,MEDIUM,HIGH,HIGH,MODEL_PROFILE_AI,1.0,2026-09-04T21:23:43+00:00
Mercedes-Benz,EQB,CAR,SUV,COMPACT,HIGH,HIGH,HIGH,MEDIUM,HIGH,HIGH,HIGH,HIGH,MODEL_PROFILE_AI,1.0,2026-09-04T21:24:02+00:00
Mercedes-Benz,EQC,CAR,SUV,MIDSIZE,HIGH,HIGH,HIGH,HIGH,MEDIUM,HIGH,HIGH,HIGH,MODEL_PROFILE_AI,1.0,2026-09-04T21:23:33+00:00
Mercedes-Benz,EQE,CAR,SEDAN,LARGE,HIGH,HIGH,HIGH,MEDIUM,MEDIUM,MEDIUM,HIGH,HIGH,MODEL_PROFILE_AI,1.0,2026-09-04T21:24:02+00:00
Mercedes-Benz,EQS,CAR,SEDAN,LARGE,MEDIUM,HIGH,HIGH,MEDIUM,MEDIUM,HIGH,MEDIUM,HIGH,MODEL_PROFILE_AI,1.0,2026-09-04T21:24:28+00:00
Mercedes-Benz,G Serisi,CAR,SUV,LARGE,LOW,HIGH,MEDIUM,HIGH,MEDIUM,MEDIUM,LOW,HIGH,MODEL_PROFILE_AI,1.0,2026-09-04T21:24:28+00:00
Mercedes-Benz,GL,CAR,SUV,LARGE,LOW,HIGH,HIGH,MEDIUM,HIGH,HIGH,MEDIUM,HIGH,MODEL_PROFILE_AI,1.0,2026-09-04T21:23:53+00:00
Mercedes-Benz,GLA,CAR,SUV,COMPACT,MEDIUM,HIGH,HIGH,MEDIUM,MEDIUM,MEDIUM,HIGH,HIGH,MODEL_PROFILE_AI,1.0,2026-09-04T21:22:53+00:00
Mercedes-Benz,GLB,CAR,SUV,COMPACT,MEDIUM,HIGH,HIGH,MEDIUM,HIGH,HIGH,HIGH,HIGH,MODEL_PROFILE_AI,1.0,2026-09-04T21:24:02+00:00
Mercedes-Benz,GLC,CAR,SUV,MIDSIZE,MEDIUM,HIGH,HIGH,HIGH,HIGH,HIGH,MEDIUM,HIGH,MODEL_PROFILE_AI,1.0,2026-09-04T21:23:43+00:00
Mercedes-Benz,GLC Coupe,CAR,SUV,MIDSIZE,MEDIUM,HIGH,HIGH,HIGH,MEDIUM,MEDIUM,MEDIUM,HIGH,MODEL_PROFILE_AI,1.0,2026-09-04T21:23:43+00:00
Mercedes-Benz,GLE,CAR,SUV,LARGE,MEDIUM,HIGH,HIGH,HIGH,HIGH,HIGH,MEDIUM,HIGH,MODEL_PROFILE_AI,1.0,2026-09-04T21:23:43+00:00
Mercedes-Benz,GLE Coupe,CAR,COUPE,LARGE,LOW,HIGH,HIGH,HIGH,MEDIUM,MEDIUM,MEDIUM,HIGH,MODEL_PROFILE_AI,1.0,2026-09-04T21:24:02+00:00
Mercedes-Benz,GLS,CAR,SUV,LARGE,LOW,HIGH,HIGH,MEDIUM,HIGH,HIGH,LOW,HIGH,MODEL_PROFILE_AI,1.0,2026-09-04T21:24:14+00:00
Mercedes-Benz,ML,CAR,SUV,LARGE,LOW,HIGH,HIGH,MEDIUM,HIGH,HIGH,MEDIUM,HIGH,MODEL_PROFILE_AI,1.0,2026-09-04T21:23:14+00:00
Mercedes-Benz,S Serisi,CAR,SEDAN,LARGE,LOW,HIGH,HIGH,MEDIUM,MEDIUM,MEDIUM,MEDIUM,HIGH,MODEL_PROFILE_AI,1.0,2026-09-04T21:22:32+00:00
Mercedes-Benz,SL,CAR,CONVERTIBLE,LARGE,LOW,HIGH,HIGH,HIGH,LOW,LOW,LOW,HIGH,MODEL_PROFILE_AI,1.0,2026-09-04T21:23:14+00:00
Mercedes-Benz,SLC,CAR,CONVERTIBLE,COMPACT,MEDIUM,HIGH,MEDIUM,HIGH,LOW,LOW,LOW,HIGH,MODEL_PROFILE_AI,1.0,2026-09-04T21:23:43+00:00
Mercedes-Benz,SLK,CAR,CONVERTIBLE,COMPACT,LOW,HIGH,MEDIUM,HIGH,LOW,LOW,MEDIUM,HIGH,MODEL_PROFILE_AI,1.0,2026-09-04T21:22:00+00:00
Mercedes-Benz,Sprinter Panel Van,VAN,VAN,LARGE,MEDIUM,LOW,MEDIUM,LOW,HIGH,MEDIUM,MEDIUM,HIGH,MODEL_PROFILE_AI,1.0,2026-09-04T21:22:32+00:00
Mercedes-Benz,V 300 Cdi Extra Long,VAN,VAN,LARGE,MEDIUM,HIGH,HIGH,MEDIUM,HIGH,HIGH,MEDIUM,HIGH,MODEL_PROFILE_AI,1.0,2026-09-04T21:22:23+00:00
Mercedes-Benz,V-Class,VAN,VAN,LARGE,MEDIUM,HIGH,HIGH,MEDIUM,HIGH,HIGH,MEDIUM,HIGH,MODEL_PROFILE_AI,1.0,2026-09-04T21:23:53+00:00
Mercedes-Benz,Viano,VAN,VAN,LARGE,LOW,HIGH,HIGH,MEDIUM,HIGH,HIGH,MEDIUM,HIGH,MODEL_PROFILE_AI,1.0,2026-09-04T21:22:10+00:00
Mercedes-Benz,Vito,VAN,VAN,LARGE,MEDIUM,MEDIUM,MEDIUM,LOW,HIGH,HIGH,LOW,HIGH,MODEL_PROFILE_AI,1.0,2026-09-04T21:20:11+00:00
Mercedes-Benz,X,PICKUP,PICKUP,LARGE,MEDIUM,MEDIUM,MEDIUM,MEDIUM,HIGH,MEDIUM,MEDIUM,HIGH,MODEL_PROFILE_AI,1.0,2026-09-04T21:23:53+00:00
MG,F,CAR,CONVERTIBLE,COMPACT,MEDIUM,MEDIUM,MEDIUM,HIGH,LOW,LOW,MEDIUM,HIGH,MODEL_PROFILE_AI,1.0,2026-09-04T21:21:50+00:00
MG,Midget,CAR,CONVERTIBLE,COMPACT,MEDIUM,LOW,LOW,MEDIUM,LOW,LOW,MEDIUM,HIGH,MODEL_PROFILE_AI,1.0,2026-09-04T21:21:50+00:00
Mini,Cooper,CAR,HATCHBACK,SMALL,MEDIUM,MEDIUM,MEDIUM,MEDIUM,MEDIUM,LOW,HIGH,HIGH,MODEL_PROFILE_AI,1.0,2026-09-04T21:21:22+00:00
MINI,Cooper Clubman,CAR,WAGON,COMPACT,MEDIUM,MEDIUM,MEDIUM,MEDIUM,HIGH,MEDIUM,HIGH,HIGH,MODEL_PROFILE_AI,1.0,2026-09-04T21:21:12+00:00
Mini,Cooper Countryman,CAR,CROSSOVER,COMPACT,MEDIUM,MEDIUM,MEDIUM,MEDIUM,MEDIUM,MEDIUM,HIGH,HIGH,MODEL_PROFILE_AI,1.0,2026-09-04T21:22:00+00:00
MINI,Cooper S,CAR,HATCHBACK,SMALL,MEDIUM,MEDIUM,MEDIUM,HIGH,MEDIUM,LOW,HIGH,HIGH,MODEL_PROFILE_AI,1.0,2026-09-04T21:21:12+00:00
MINI,John Cooper,CAR,HATCHBACK,SMALL,MEDIUM,MEDIUM,MEDIUM,HIGH,MEDIUM,LOW,HIGH,MEDIUM,MODEL_PROFILE_AI,1.0,2026-09-04T21:23:43+00:00
MINI,MINI Electric,CAR,HATCHBACK,SMALL,HIGH,MEDIUM,MEDIUM,MEDIUM,MEDIUM,LOW,HIGH,HIGH,MODEL_PROFILE_AI,1.0,2026-09-04T21:23:33+00:00
MINI,One,CAR,HATCHBACK,SMALL,MEDIUM,MEDIUM,MEDIUM,MEDIUM,MEDIUM,LOW,HIGH,HIGH,MODEL_PROFILE_AI,1.0,2026-09-04T21:20:30+00:00
Mitsubishi,Airtrek,CAR,SUV,COMPACT,MEDIUM,LOW,MEDIUM,MEDIUM,HIGH,HIGH,MEDIUM,HIGH,MODEL_PROFILE_AI,1.0,2026-09-04T21:21:22+00:00
Mitsubishi,ASX,CAR,CROSSOVER,COMPACT,MEDIUM,LOW,MEDIUM,LOW,HIGH,HIGH,HIGH,HIGH,MODEL_PROFILE_AI,1.0,2026-09-04T21:21:12+00:00
Mitsubishi,Cedia,CAR,SEDAN,COMPACT,MEDIUM,LOW,MEDIUM,MEDIUM,MEDIUM,MEDIUM,HIGH,MEDIUM,MODEL_PROFILE_AI,1.0,2026-09-04T21:20:30+00:00
Mitsubishi,Colt,CAR,HATCHBACK,SMALL,HIGH,LOW,MEDIUM,MEDIUM,MEDIUM,MEDIUM,HIGH,HIGH,MODEL_PROFILE_AI,1.0,2026-09-04T21:20:11+00:00
Mitsubishi,Delica,VAN,VAN,LARGE,MEDIUM,LOW,MEDIUM,MEDIUM,HIGH,HIGH,MEDIUM,HIGH,MODEL_PROFILE_AI,1.0,2026-09-04T21:21:41+00:00
Mitsubishi,Dingo,CAR,MPV,COMPACT,MEDIUM,LOW,MEDIUM,LOW,HIGH,HIGH,HIGH,HIGH,MODEL_PROFILE_AI,1.0,2026-09-04T21:20:11+00:00
Mitsubishi,Eclipse Cross,CAR,CROSSOVER,COMPACT,MEDIUM,LOW,MEDIUM,MEDIUM,MEDIUM,MEDIUM,HIGH,HIGH,MODEL_PROFILE_AI,1.0,2026-09-04T21:23:04+00:00
Mitsubishi,Galant,CAR,SEDAN,MIDSIZE,MEDIUM,LOW,MEDIUM,MEDIUM,MEDIUM,HIGH,MEDIUM,HIGH,MODEL_PROFILE_AI,1.0,2026-09-04T21:21:12+00:00
Mitsubishi,İ-MİEV,CAR,HATCHBACK,MICRO,HIGH,LOW,LOW,LOW,MEDIUM,LOW,HIGH,HIGH,MODEL_PROFILE_AI,1.0,2026-09-04T21:22:23+00:00
Mitsubishi,J54,CAR,SUV,MIDSIZE,LOW,LOW,LOW,MEDIUM,MEDIUM,LOW,LOW,MEDIUM,MODEL_PROFILE_AI,1.0,2026-09-04T21:23:04+00:00
Mitsubishi,L 200,PICKUP,PICKUP,LARGE,LOW,LOW,MEDIUM,MEDIUM,HIGH,MEDIUM,LOW,HIGH,MODEL_PROFILE_AI,1.0,2026-09-04T21:20:21+00:00
Mitsubishi,Lancer,CAR,SEDAN,COMPACT,MEDIUM,LOW,MEDIUM,MEDIUM,MEDIUM,MEDIUM,MEDIUM,HIGH,MODEL_PROFILE_AI,1.0,2026-09-04T21:20:01+00:00
Mitsubishi,Minicab,VAN,VAN,MICRO,HIGH,LOW,LOW,LOW,HIGH,LOW,MEDIUM,HIGH,MODEL_PROFILE_AI,1.0,2026-09-04T21:21:31+00:00
Mitsubishi,Mirage,CAR,HATCHBACK,SMALL,HIGH,LOW,MEDIUM,LOW,MEDIUM,MEDIUM,HIGH,HIGH,MODEL_PROFILE_AI,1.0,2026-09-04T21:20:21+00:00
Mitsubishi,Outlander,CAR,SUV,MIDSIZE,MEDIUM,LOW,MEDIUM,MEDIUM,HIGH,HIGH,MEDIUM,HIGH,MODEL_PROFILE_AI,1.0,2026-09-04T21:21:02+00:00
Mitsubishi,Pajero,CAR,SUV,LARGE,LOW,LOW,MEDIUM,MEDIUM,HIGH,HIGH,MEDIUM,HIGH,MODEL_PROFILE_AI,1.0,2026-09-04T21:20:41+00:00
Mitsubishi,RVR,CAR,SUV,COMPACT,MEDIUM,LOW,MEDIUM,MEDIUM,HIGH,HIGH,HIGH,HIGH,MODEL_PROFILE_AI,1.0,2026-09-04T21:22:23+00:00
Mitsubishi,Space Star,CAR,MPV,SMALL,HIGH,LOW,MEDIUM,LOW,HIGH,HIGH,HIGH,HIGH,MODEL_PROFILE_AI,1.0,2026-09-04T21:20:11+00:00
Mitsubishi,Strada,PICKUP,PICKUP,MIDSIZE,MEDIUM,LOW,MEDIUM,MEDIUM,HIGH,MEDIUM,MEDIUM,HIGH,MODEL_PROFILE_AI,1.0,2026-09-04T21:21:50+00:00
Mitsubishi,Triton,PICKUP,PICKUP,MIDSIZE,MEDIUM,LOW,MEDIUM,MEDIUM,HIGH,MEDIUM,MEDIUM,HIGH,MODEL_PROFILE_AI,1.0,2026-09-04T21:22:10+00:00
Morris,Marina,CAR,OTHER,MIDSIZE,MEDIUM,LOW,LOW,LOW,MEDIUM,MEDIUM,LOW,MEDIUM,MODEL_PROFILE_AI,1.0,2026-09-04T21:22:32+00:00
Moto,Guzzi V7 Stone 10,MOTORCYCLE,MOTORCYCLE,UNKNOWN,MEDIUM,MEDIUM,MEDIUM,MEDIUM,MEDIUM,LOW,HIGH,MEDIUM,MODEL_PROFILE_AI,1.0,2026-09-04T21:22:10+00:00
Motolux,Macchiato,SCOOTER,SCOOTER,UNKNOWN,HIGH,LOW,MEDIUM,LOW,MEDIUM,LOW,HIGH,MEDIUM,MODEL_PROFILE_AI,1.0,2026-09-04T21:19:50+00:00
Motolux,Mtx125,MOTORCYCLE,MOTORCYCLE,UNKNOWN,HIGH,LOW,LOW,MEDIUM,LOW,LOW,MEDIUM,MEDIUM,MODEL_PROFILE_AI,1.0,2026-09-04T21:19:50+00:00
Motolux,Rossi Rs,SCOOTER,SCOOTER,UNKNOWN,HIGH,LOW,MEDIUM,LOW,MEDIUM,LOW,HIGH,MEDIUM,MODEL_PROFILE_AI,1.0,2026-09-04T21:19:50+00:00
Nissan,350 Z,CAR,COUPE,MIDSIZE,LOW,MEDIUM,MEDIUM,HIGH,LOW,LOW,LOW,HIGH,MODEL_PROFILE_AI,1.0,2026-09-04T21:23:14+00:00
Nissan,Ad,CAR,WAGON,COMPACT,HIGH,LOW,LOW,LOW,HIGH,MEDIUM,HIGH,MEDIUM,MODEL_PROFILE_AI,1.0,2026-09-04T21:21:22+00:00
Nissan,Bluebird,CAR,SEDAN,MIDSIZE,MEDIUM,LOW,MEDIUM,LOW,MEDIUM,MEDIUM,MEDIUM,MEDIUM,MODEL_PROFILE_AI,1.0,2026-09-04T21:20:30+00:00
Nissan,Cedric,CAR,SEDAN,LARGE,MEDIUM,MEDIUM,HIGH,MEDIUM,MEDIUM,MEDIUM,MEDIUM,HIGH,MODEL_PROFILE_AI,1.0,2026-09-04T21:23:53+00:00
Nissan,Clipper,VAN,VAN,SMALL,HIGH,LOW,LOW,LOW,HIGH,MEDIUM,HIGH,MEDIUM,MODEL_PROFILE_AI,1.0,2026-09-04T21:22:00+00:00
Nissan,Cube,CAR,HATCHBACK,COMPACT,HIGH,LOW,MEDIUM,LOW,HIGH,MEDIUM,HIGH,HIGH,MODEL_PROFILE_AI,1.0,2026-09-04T21:21:31+00:00
Nissan,Dayz,CAR,HATCHBACK,MICRO,HIGH,LOW,MEDIUM,LOW,MEDIUM,MEDIUM,HIGH,HIGH,MODEL_PROFILE_AI,1.0,2026-09-04T21:21:50+00:00
Nissan,Dualis,CAR,CROSSOVER,COMPACT,MEDIUM,LOW,MEDIUM,MEDIUM,HIGH,HIGH,HIGH,HIGH,MODEL_PROFILE_AI,1.0,2026-09-04T21:21:02+00:00
Nissan,Fairlady 300ZX,CAR,COUPE,MIDSIZE,LOW,MEDIUM,MEDIUM,HIGH,LOW,LOW,LOW,HIGH,MODEL_PROFILE_AI,1.0,2026-09-04T21:22:23+00:00
Nissan,Figaro,CAR,CONVERTIBLE,SMALL,HIGH,LOW,MEDIUM,LOW,LOW,LOW,MEDIUM,HIGH,MODEL_PROFILE_AI,1.0,2026-09-04T21:22:00+00:00
Nissan,GT-R,CAR,COUPE,MIDSIZE,LOW,MEDIUM,MEDIUM,HIGH,LOW,LOW,LOW,HIGH,MODEL_PROFILE_AI,1.0,2026-09-04T21:24:28+00:00
Nissan,Juke,CAR,CROSSOVER,SMALL,MEDIUM,LOW,MEDIUM,MEDIUM,MEDIUM,MEDIUM,HIGH,HIGH,MODEL_PROFILE_AI,1.0,2026-09-04T21:21:12+00:00
Nissan,Kicks,CAR,CROSSOVER,COMPACT,HIGH,LOW,MEDIUM,LOW,HIGH,HIGH,HIGH,HIGH,MODEL_PROFILE_AI,1.0,2026-09-04T21:21:22+00:00
Nissan,Latio,CAR,SEDAN,COMPACT,HIGH,LOW,MEDIUM,LOW,MEDIUM,MEDIUM,HIGH,HIGH,MODEL_PROFILE_AI,1.0,2026-09-04T21:21:31+00:00
Nissan,Leaf,CAR,HATCHBACK,COMPACT,HIGH,LOW,MEDIUM,MEDIUM,HIGH,HIGH,HIGH,HIGH,MODEL_PROFILE_AI,1.0,2026-09-04T21:20:52+00:00
Nissan,March,CAR,HATCHBACK,SMALL,HIGH,LOW,MEDIUM,LOW,MEDIUM,MEDIUM,HIGH,HIGH,MODEL_PROFILE_AI,1.0,2026-09-04T21:20:11+00:00
Nissan,Micra,CAR,HATCHBACK,SMALL,HIGH,LOW,MEDIUM,LOW,MEDIUM,MEDIUM,HIGH,HIGH,MODEL_PROFILE_AI,1.0,2026-09-04T21:20:21+00:00
Nissan,Navara,PICKUP,PICKUP,LARGE,MEDIUM,LOW,MEDIUM,MEDIUM,HIGH,MEDIUM,MEDIUM,HIGH,MODEL_PROFILE_AI,1.0,2026-09-04T21:21:22+00:00
Nissan,Note,CAR,MPV,SMALL,HIGH,LOW,MEDIUM,LOW,HIGH,HIGH,HIGH,HIGH,MODEL_PROFILE_AI,1.0,2026-09-04T21:20:30+00:00
Nissan,NV100,VAN,VAN,SMALL,HIGH,LOW,MEDIUM,LOW,HIGH,MEDIUM,HIGH,HIGH,MODEL_PROFILE_AI,1.0,2026-09-04T21:21:50+00:00
Nissan,NV200,VAN,VAN,COMPACT,HIGH,LOW,MEDIUM,LOW,HIGH,MEDIUM,HIGH,HIGH,MODEL_PROFILE_AI,1.0,2026-09-04T21:21:31+00:00
Nissan,NV350,VAN,VAN,LARGE,MEDIUM,LOW,MEDIUM,LOW,HIGH,HIGH,LOW,HIGH,MODEL_PROFILE_AI,1.0,2026-09-04T21:23:24+00:00
Nissan,NV400,VAN,VAN,LARGE,MEDIUM,LOW,MEDIUM,LOW,HIGH,MEDIUM,MEDIUM,HIGH,MODEL_PROFILE_AI,1.0,2026-09-04T21:23:04+00:00
Nissan,Patrol,CAR,SUV,LARGE,LOW,MEDIUM,HIGH,HIGH,HIGH,HIGH,LOW,HIGH,MODEL_PROFILE_AI,1.0,2026-09-04T21:23:43+00:00
Nissan,Primera,CAR,SEDAN,MIDSIZE,MEDIUM,LOW,MEDIUM,MEDIUM,MEDIUM,MEDIUM,MEDIUM,HIGH,MODEL_PROFILE_AI,1.0,2026-09-04T21:20:01+00:00
Nissan,Qashqai,CAR,CROSSOVER,COMPACT,MEDIUM,LOW,MEDIUM,MEDIUM,HIGH,HIGH,HIGH,HIGH,MODEL_PROFILE_AI,1.0,2026-09-04T21:21:22+00:00
Nissan,Serena,CAR,MPV,LARGE,MEDIUM,LOW,HIGH,LOW,HIGH,HIGH,MEDIUM,HIGH,MODEL_PROFILE_AI,1.0,2026-09-04T21:22:32+00:00
Nissan,Silvia,CAR,COUPE,COMPACT,MEDIUM,LOW,LOW,HIGH,LOW,LOW,MEDIUM,HIGH,MODEL_PROFILE_AI,1.0,2026-09-04T21:23:24+00:00
Nissan,Skyline,CAR,SEDAN,MIDSIZE,MEDIUM,MEDIUM,MEDIUM,HIGH,MEDIUM,MEDIUM,MEDIUM,MEDIUM,MODEL_PROFILE_AI,1.0,2026-09-04T21:22:53+00:00
Nissan,Sunny,CAR,SEDAN,COMPACT,MEDIUM,LOW,MEDIUM,LOW,MEDIUM,HIGH,HIGH,HIGH,MODEL_PROFILE_AI,1.0,2026-09-04T21:20:11+00:00
Nissan,Teana,CAR,SEDAN,LARGE,MEDIUM,MEDIUM,HIGH,LOW,MEDIUM,HIGH,MEDIUM,HIGH,MODEL_PROFILE_AI,1.0,2026-09-04T21:21:41+00:00
Nissan,Terrano,CAR,SUV,MIDSIZE,MEDIUM,LOW,MEDIUM,MEDIUM,HIGH,HIGH,MEDIUM,HIGH,MODEL_PROFILE_AI,1.0,2026-09-04T21:21:12+00:00
Nissan,Tiida,CAR,HATCHBACK,COMPACT,MEDIUM,LOW,MEDIUM,LOW,HIGH,HIGH,HIGH,HIGH,MODEL_PROFILE_AI,1.0,2026-09-04T21:20:11+00:00
Nissan,Vanette,VAN,VAN,COMPACT,MEDIUM,LOW,LOW,LOW,HIGH,HIGH,MEDIUM,HIGH,MODEL_PROFILE_AI,1.0,2026-09-04T21:22:10+00:00
Nissan,Wingroad,CAR,WAGON,COMPACT,HIGH,LOW,MEDIUM,LOW,HIGH,HIGH,HIGH,HIGH,MODEL_PROFILE_AI,1.0,2026-09-04T21:22:00+00:00
Nissan,X-Trail,CAR,SUV,MIDSIZE,MEDIUM,LOW,HIGH,LOW,HIGH,HIGH,HIGH,HIGH,MODEL_PROFILE_AI,1.0,2026-09-04T21:22:42+00:00
Opel,Astra,CAR,HATCHBACK,COMPACT,MEDIUM,LOW,MEDIUM,MEDIUM,MEDIUM,HIGH,HIGH,HIGH,MODEL_PROFILE_AI,1.0,2026-09-04T21:20:11+00:00
Opel,Cascada,CAR,CONVERTIBLE,COMPACT,MEDIUM,MEDIUM,MEDIUM,MEDIUM,LOW,LOW,MEDIUM,HIGH,MODEL_PROFILE_AI,1.0,2026-09-04T21:22:53+00:00
Opel,Corsa,CAR,HATCHBACK,SMALL,HIGH,LOW,MEDIUM,LOW,MEDIUM,MEDIUM,HIGH,HIGH,MODEL_PROFILE_AI,1.0,2026-09-04T21:20:11+00:00
Opel,Crossland X,CAR,CROSSOVER,SMALL,HIGH,LOW,MEDIUM,LOW,HIGH,HIGH,HIGH,HIGH,MODEL_PROFILE_AI,1.0,2026-09-04T21:22:42+00:00
Opel,Grandland X,CAR,SUV,COMPACT,MEDIUM,LOW,MEDIUM,LOW,HIGH,HIGH,HIGH,HIGH,MODEL_PROFILE_AI,1.0,2026-09-04T21:22:42+00:00
Opel,Insignia,CAR,SEDAN,MIDSIZE,MEDIUM,MEDIUM,HIGH,MEDIUM,MEDIUM,HIGH,HIGH,HIGH,MODEL_PROFILE_AI,1.0,2026-09-04T21:21:41+00:00
Opel,Meriva,CAR,MPV,SMALL,MEDIUM,LOW,MEDIUM,LOW,HIGH,HIGH,HIGH,HIGH,MODEL_PROFILE_AI,1.0,2026-09-04T21:20:30+00:00
Opel,Mokka,CAR,CROSSOVER,COMPACT,MEDIUM,LOW,MEDIUM,MEDIUM,MEDIUM,MEDIUM,HIGH,HIGH,MODEL_PROFILE_AI,1.0,2026-09-04T21:21:41+00:00
Opel,Mokka E,CAR,CROSSOVER,COMPACT,HIGH,LOW,MEDIUM,LOW,MEDIUM,MEDIUM,HIGH,HIGH,MODEL_PROFILE_AI,1.0,2026-09-04T21:23:24+00:00
Opel,Mokka X,CAR,CROSSOVER,COMPACT,MEDIUM,LOW,MEDIUM,LOW,MEDIUM,MEDIUM,HIGH,HIGH,MODEL_PROFILE_AI,1.0,2026-09-04T21:23:24+00:00
Opel,Tigra,CAR,COUPE,SMALL,MEDIUM,LOW,LOW,MEDIUM,LOW,LOW,MEDIUM,HIGH,MODEL_PROFILE_AI,1.0,2026-09-04T21:20:30+00:00
Opel,Vectra,CAR,SEDAN,MIDSIZE,MEDIUM,LOW,MEDIUM,LOW,MEDIUM,HIGH,HIGH,HIGH,MODEL_PROFILE_AI,1.0,2026-09-04T21:20:30+00:00
Opel,Zafira,CAR,MPV,COMPACT,MEDIUM,LOW,HIGH,LOW,HIGH,HIGH,MEDIUM,HIGH,MODEL_PROFILE_AI,1.0,2026-09-04T21:20:01+00:00
Peugeot,2008,CAR,CROSSOVER,COMPACT,HIGH,LOW,MEDIUM,MEDIUM,HIGH,HIGH,HIGH,HIGH,MODEL_PROFILE_AI,1.0,2026-09-04T21:22:00+00:00
Peugeot,206,CAR,HATCHBACK,SMALL,HIGH,LOW,MEDIUM,MEDIUM,MEDIUM,MEDIUM,HIGH,HIGH,MODEL_PROFILE_AI,1.0,2026-09-04T21:20:01+00:00
Peugeot,207,CAR,HATCHBACK,SMALL,HIGH,LOW,MEDIUM,LOW,MEDIUM,MEDIUM,HIGH,HIGH,MODEL_PROFILE_AI,1.0,2026-09-04T21:20:11+00:00
Peugeot,208,CAR,HATCHBACK,SMALL,HIGH,LOW,MEDIUM,MEDIUM,MEDIUM,MEDIUM,HIGH,HIGH,MODEL_PROFILE_AI,1.0,2026-09-04T21:20:41+00:00
Peugeot,3008,CAR,SUV,COMPACT,MEDIUM,MEDIUM,HIGH,LOW,HIGH,HIGH,MEDIUM,HIGH,MODEL_PROFILE_AI,1.0,2026-09-04T21:23:24+00:00
Peugeot,307,CAR,HATCHBACK,COMPACT,MEDIUM,LOW,MEDIUM,MEDIUM,MEDIUM,MEDIUM,HIGH,HIGH,MODEL_PROFILE_AI,1.0,2026-09-04T21:19:50+00:00
Peugeot,308,CAR,HATCHBACK,COMPACT,HIGH,LOW,MEDIUM,MEDIUM,HIGH,MEDIUM,HIGH,HIGH,MODEL_PROFILE_AI,1.0,2026-09-04T21:21:12+00:00
Peugeot,406,CAR,SEDAN,MIDSIZE,MEDIUM,LOW,HIGH,MEDIUM,MEDIUM,HIGH,MEDIUM,HIGH,MODEL_PROFILE_AI,1.0,2026-09-04T21:21:50+00:00
Peugeot,407,CAR,SEDAN,MIDSIZE,MEDIUM,LOW,HIGH,MEDIUM,MEDIUM,HIGH,MEDIUM,HIGH,MODEL_PROFILE_AI,1.0,2026-09-04T21:21:02+00:00
Peugeot,508,CAR,SEDAN,MIDSIZE,MEDIUM,MEDIUM,HIGH,MEDIUM,MEDIUM,HIGH,HIGH,HIGH,MODEL_PROFILE_AI,1.0,2026-09-04T21:21:41+00:00
Peugeot,607,CAR,SEDAN,LARGE,LOW,MEDIUM,HIGH,MEDIUM,MEDIUM,HIGH,MEDIUM,HIGH,MODEL_PROFILE_AI,1.0,2026-09-04T21:20:52+00:00
Peugeot,Bipper,VAN,VAN,SMALL,HIGH,LOW,LOW,LOW,HIGH,MEDIUM,MEDIUM,HIGH,MODEL_PROFILE_AI,1.0,2026-09-04T21:20:21+00:00
Peugeot,Diğer,UNKNOWN,UNKNOWN,UNKNOWN,UNKNOWN,UNKNOWN,UNKNOWN,UNKNOWN,UNKNOWN,UNKNOWN,UNKNOWN,LOW,MODEL_PROFILE_AI,1.0,2026-09-04T21:20:11+00:00
Peugeot,Partner,VAN,VAN,COMPACT,HIGH,LOW,MEDIUM,LOW,HIGH,MEDIUM,HIGH,HIGH,MODEL_PROFILE_AI,1.0,2026-09-04T21:21:31+00:00
Peugeot,RCZ,CAR,COUPE,COMPACT,MEDIUM,MEDIUM,MEDIUM,HIGH,LOW,LOW,MEDIUM,HIGH,MODEL_PROFILE_AI,1.0,2026-09-04T21:21:41+00:00
Piaggio,Diğer,UNKNOWN,UNKNOWN,UNKNOWN,UNKNOWN,UNKNOWN,UNKNOWN,UNKNOWN,UNKNOWN,UNKNOWN,UNKNOWN,LOW,MODEL_PROFILE_AI,1.0,2026-09-04T21:20:01+00:00
Polaris,Diğer,UNKNOWN,UNKNOWN,UNKNOWN,UNKNOWN,UNKNOWN,UNKNOWN,UNKNOWN,UNKNOWN,UNKNOWN,UNKNOWN,LOW,MODEL_PROFILE_AI,1.0,2026-09-04T21:24:14+00:00
Polaris,Phoenix 200,ATV_UTV,ATV_UTV,UNKNOWN,MEDIUM,LOW,LOW,MEDIUM,MEDIUM,LOW,LOW,HIGH,MODEL_PROFILE_AI,1.0,2026-09-04T21:20:52+00:00
Polaris,Sportsman Touring 570 ESP SP,ATV_UTV,ATV_UTV,UNKNOWN,LOW,LOW,MEDIUM,HIGH,MEDIUM,LOW,LOW,HIGH,MODEL_PROFILE_AI,1.0,2026-09-04T21:22:32+00:00
Porsche,718,CAR,COUPE,COMPACT,MEDIUM,HIGH,MEDIUM,HIGH,LOW,LOW,MEDIUM,HIGH,MODEL_PROFILE_AI,1.0,2026-09-04T21:24:14+00:00
Porsche,911,CAR,COUPE,COMPACT,LOW,HIGH,MEDIUM,HIGH,LOW,LOW,LOW,HIGH,MODEL_PROFILE_AI,1.0,2026-09-04T21:24:02+00:00
Porsche,Boxster,CAR,CONVERTIBLE,COMPACT,LOW,HIGH,MEDIUM,HIGH,LOW,LOW,LOW,HIGH,MODEL_PROFILE_AI,1.0,2026-09-04T21:23:04+00:00
Porsche,Cayenne,CAR,SUV,LARGE,LOW,HIGH,HIGH,HIGH,HIGH,HIGH,MEDIUM,HIGH,MODEL_PROFILE_AI,1.0,2026-09-04T21:24:02+00:00
Porsche,Cayenne Coupe,CAR,COUPE,LARGE,LOW,HIGH,HIGH,HIGH,MEDIUM,MEDIUM,MEDIUM,HIGH,MODEL_PROFILE_AI,1.0,2026-09-04T21:24:28+00:00
Porsche,Cayenne GTS,CAR,SUV,LARGE,LOW,HIGH,MEDIUM,HIGH,HIGH,HIGH,MEDIUM,HIGH,MODEL_PROFILE_AI,1.0,2026-09-04T21:24:02+00:00
Porsche,Macan,CAR,SUV,COMPACT,MEDIUM,HIGH,MEDIUM,HIGH,MEDIUM,MEDIUM,MEDIUM,HIGH,MODEL_PROFILE_AI,1.0,2026-09-04T21:24:14+00:00
Porsche,Panamera,CAR,SEDAN,LARGE,LOW,HIGH,HIGH,HIGH,MEDIUM,MEDIUM,MEDIUM,HIGH,MODEL_PROFILE_AI,1.0,2026-09-04T21:24:02+00:00
Porsche,Taycan,CAR,SEDAN,MIDSIZE,HIGH,HIGH,HIGH,HIGH,MEDIUM,MEDIUM,MEDIUM,HIGH,MODEL_PROFILE_AI,1.0,2026-09-04T21:24:14+00:00
Renault,Arkana,CAR,CROSSOVER,COMPACT,MEDIUM,LOW,MEDIUM,LOW,HIGH,HIGH,MEDIUM,HIGH,MODEL_PROFILE_AI,1.0,2026-09-04T21:23:24+00:00
Renault,Captur,CAR,CROSSOVER,COMPACT,HIGH,LOW,MEDIUM,LOW,HIGH,HIGH,HIGH,HIGH,MODEL_PROFILE_AI,1.0,2026-09-04T21:21:22+00:00
Renault,Clio,CAR,HATCHBACK,SMALL,HIGH,LOW,MEDIUM,MEDIUM,MEDIUM,MEDIUM,HIGH,HIGH,MODEL_PROFILE_AI,1.0,2026-09-04T21:20:11+00:00
Renault,Fluence,CAR,SEDAN,COMPACT,HIGH,LOW,MEDIUM,LOW,MEDIUM,MEDIUM,HIGH,HIGH,MODEL_PROFILE_AI,1.0,2026-09-04T21:20:21+00:00
Renault,Kadjar,CAR,SUV,COMPACT,MEDIUM,LOW,MEDIUM,LOW,HIGH,HIGH,HIGH,HIGH,MODEL_PROFILE_AI,1.0,2026-09-04T21:22:42+00:00
Renault,Kangoo,VAN,VAN,COMPACT,MEDIUM,LOW,MEDIUM,LOW,HIGH,HIGH,MEDIUM,HIGH,MODEL_PROFILE_AI,1.0,2026-09-04T21:21:02+00:00
Renault,Kangoo Express,VAN,VAN,COMPACT,HIGH,LOW,MEDIUM,LOW,HIGH,MEDIUM,MEDIUM,HIGH,MODEL_PROFILE_AI,1.0,2026-09-04T21:22:53+00:00
Renault,Kangoo Maxi,VAN,VAN,LARGE,MEDIUM,LOW,MEDIUM,LOW,HIGH,HIGH,MEDIUM,HIGH,MODEL_PROFILE_AI,1.0,2026-09-04T21:21:41+00:00
Renault,Laguna,CAR,HATCHBACK,MIDSIZE,MEDIUM,MEDIUM,HIGH,MEDIUM,MEDIUM,HIGH,MEDIUM,HIGH,MODEL_PROFILE_AI,1.0,2026-09-04T21:20:52+00:00
Renault,Lutecia,CAR,HATCHBACK,SMALL,HIGH,LOW,MEDIUM,MEDIUM,MEDIUM,MEDIUM,HIGH,MEDIUM,MODEL_PROFILE_AI,1.0,2026-09-04T21:22:53+00:00
Renault,Master,VAN,VAN,LARGE,MEDIUM,LOW,LOW,LOW,HIGH,MEDIUM,LOW,HIGH,MODEL_PROFILE_AI,1.0,2026-09-04T21:23:14+00:00
Renault,Megane,CAR,HATCHBACK,COMPACT,MEDIUM,LOW,MEDIUM,MEDIUM,MEDIUM,MEDIUM,HIGH,HIGH,MODEL_PROFILE_AI,1.0,2026-09-04T21:20:01+00:00
Renault,Scenic,CAR,MPV,COMPACT,HIGH,LOW,MEDIUM,LOW,HIGH,HIGH,HIGH,HIGH,MODEL_PROFILE_AI,1.0,2026-09-04T21:22:00+00:00
Renault,Trafic,VAN,VAN,LARGE,MEDIUM,LOW,MEDIUM,LOW,HIGH,HIGH,MEDIUM,HIGH,MODEL_PROFILE_AI,1.0,2026-09-04T21:22:23+00:00
RKS,Diğer,UNKNOWN,UNKNOWN,UNKNOWN,UNKNOWN,UNKNOWN,UNKNOWN,UNKNOWN,UNKNOWN,UNKNOWN,UNKNOWN,LOW,MODEL_PROFILE_AI,1.0,2026-09-04T21:20:21+00:00
RKS,Galaxy Gold,SCOOTER,SCOOTER,UNKNOWN,HIGH,LOW,MEDIUM,LOW,MEDIUM,LOW,HIGH,MEDIUM,MODEL_PROFILE_AI,1.0,2026-09-04T21:19:50+00:00
RKS,Sieste,SCOOTER,SCOOTER,UNKNOWN,HIGH,LOW,MEDIUM,LOW,MEDIUM,LOW,HIGH,MEDIUM,MODEL_PROFILE_AI,1.0,2026-09-04T21:19:50+00:00
Rolls-Royce,Wraith,CAR,COUPE,LARGE,LOW,HIGH,HIGH,HIGH,LOW,LOW,LOW,HIGH,MODEL_PROFILE_AI,1.0,2026-09-04T21:22:32+00:00
Rover,220,CAR,OTHER,UNKNOWN,UNKNOWN,UNKNOWN,UNKNOWN,UNKNOWN,UNKNOWN,UNKNOWN,UNKNOWN,LOW,MODEL_PROFILE_AI,1.0,2026-09-04T21:24:02+00:00
Royal Enfield,Classic 350,MOTORCYCLE,MOTORCYCLE,UNKNOWN,HIGH,LOW,MEDIUM,LOW,MEDIUM,LOW,MEDIUM,HIGH,MODEL_PROFILE_AI,1.0,2026-09-04T21:21:31+00:00
Royal Enfield,Classic 500,MOTORCYCLE,MOTORCYCLE,UNKNOWN,MEDIUM,LOW,MEDIUM,MEDIUM,LOW,LOW,MEDIUM,HIGH,MODEL_PROFILE_AI,1.0,2026-09-04T21:21:02+00:00
Seat,Arona,CAR,CROSSOVER,SMALL,HIGH,LOW,MEDIUM,MEDIUM,MEDIUM,MEDIUM,HIGH,HIGH,MODEL_PROFILE_AI,1.0,2026-09-04T21:23:53+00:00
Seat,Ateca,CAR,SUV,COMPACT,MEDIUM,LOW,MEDIUM,MEDIUM,HIGH,HIGH,HIGH,HIGH,MODEL_PROFILE_AI,1.0,2026-09-04T21:23:14+00:00
Seat,Ibiza,CAR,HATCHBACK,SMALL,HIGH,LOW,MEDIUM,MEDIUM,MEDIUM,MEDIUM,HIGH,HIGH,MODEL_PROFILE_AI,1.0,2026-09-04T21:20:01+00:00
Seat,Leon,CAR,HATCHBACK,COMPACT,MEDIUM,LOW,MEDIUM,MEDIUM,MEDIUM,MEDIUM,HIGH,HIGH,MODEL_PROFILE_AI,1.0,2026-09-04T21:20:21+00:00
Seat,Toledo,CAR,SEDAN,COMPACT,HIGH,LOW,MEDIUM,MEDIUM,HIGH,HIGH,HIGH,HIGH,MODEL_PROFILE_AI,1.0,2026-09-04T21:19:50+00:00
Smart,ForFour,CAR,HATCHBACK,SMALL,HIGH,LOW,MEDIUM,LOW,MEDIUM,LOW,HIGH,HIGH,MODEL_PROFILE_AI,1.0,2026-09-04T21:21:41+00:00
Smart,ForTwo,CAR,HATCHBACK,MICRO,HIGH,MEDIUM,LOW,LOW,LOW,LOW,HIGH,HIGH,MODEL_PROFILE_AI,1.0,2026-09-04T21:20:30+00:00
Subaru,BRZ,CAR,COUPE,COMPACT,MEDIUM,LOW,LOW,HIGH,LOW,LOW,MEDIUM,HIGH,MODEL_PROFILE_AI,1.0,2026-09-04T21:23:53+00:00
Subaru,Forester,CAR,SUV,COMPACT,MEDIUM,LOW,MEDIUM,MEDIUM,HIGH,HIGH,HIGH,HIGH,MODEL_PROFILE_AI,1.0,2026-09-04T21:23:53+00:00
Subaru,Impreza,CAR,SEDAN,COMPACT,MEDIUM,LOW,MEDIUM,HIGH,MEDIUM,MEDIUM,MEDIUM,HIGH,MODEL_PROFILE_AI,1.0,2026-09-04T21:20:30+00:00
Subaru,Pleo,CAR,HATCHBACK,MICRO,HIGH,LOW,MEDIUM,LOW,MEDIUM,MEDIUM,HIGH,HIGH,MODEL_PROFILE_AI,1.0,2026-09-04T21:20:52+00:00
Subaru,WRX STI,CAR,SEDAN,COMPACT,LOW,LOW,MEDIUM,HIGH,MEDIUM,MEDIUM,MEDIUM,HIGH,MODEL_PROFILE_AI,1.0,2026-09-04T21:23:04+00:00
Suzuki,Aerio,CAR,HATCHBACK,COMPACT,MEDIUM,LOW,MEDIUM,MEDIUM,MEDIUM,MEDIUM,MEDIUM,HIGH,MODEL_PROFILE_AI,1.0,2026-09-04T21:20:01+00:00
Suzuki,Alto,CAR,HATCHBACK,MICRO,HIGH,LOW,LOW,LOW,MEDIUM,MEDIUM,HIGH,HIGH,MODEL_PROFILE_AI,1.0,2026-09-04T21:19:50+00:00
Suzuki,Alto Lapin,CAR,HATCHBACK,MICRO,HIGH,LOW,MEDIUM,LOW,MEDIUM,LOW,HIGH,HIGH,MODEL_PROFILE_AI,1.0,2026-09-04T21:22:10+00:00
Suzuki,Burgman,SCOOTER,SCOOTER,MIDSIZE,MEDIUM,MEDIUM,HIGH,MEDIUM,HIGH,LOW,HIGH,HIGH,MODEL_PROFILE_AI,1.0,2026-09-04T21:20:21+00:00
Suzuki,Carry,PICKUP,PICKUP,SMALL,HIGH,LOW,LOW,LOW,HIGH,LOW,MEDIUM,HIGH,MODEL_PROFILE_AI,1.0,2026-09-04T21:21:02+00:00
Suzuki,Diğer,UNKNOWN,UNKNOWN,UNKNOWN,UNKNOWN,UNKNOWN,UNKNOWN,UNKNOWN,UNKNOWN,UNKNOWN,UNKNOWN,LOW,MODEL_PROFILE_AI,1.0,2026-09-04T21:19:50+00:00
Suzuki,Escudo,CAR,SUV,COMPACT,MEDIUM,LOW,MEDIUM,MEDIUM,HIGH,HIGH,MEDIUM,HIGH,MODEL_PROFILE_AI,1.0,2026-09-04T21:20:30+00:00
Suzuki,Every,VAN,VAN,SMALL,HIGH,LOW,LOW,LOW,HIGH,MEDIUM,MEDIUM,HIGH,MODEL_PROFILE_AI,1.0,2026-09-04T21:20:52+00:00
Suzuki,Fronx,UNKNOWN,CROSSOVER,SMALL,HIGH,LOW,MEDIUM,MEDIUM,HIGH,MEDIUM,HIGH,HIGH,MODEL_PROFILE_AI,1.0,2026-09-04T21:23:33+00:00
Suzuki,Grand Vitara,CAR,SUV,COMPACT,MEDIUM,LOW,MEDIUM,MEDIUM,HIGH,HIGH,MEDIUM,HIGH,MODEL_PROFILE_AI,1.0,2026-09-04T21:21:22+00:00
Suzuki,GSX 8R,MOTORCYCLE,MOTORCYCLE,UNKNOWN,MEDIUM,LOW,MEDIUM,HIGH,LOW,LOW,MEDIUM,HIGH,MODEL_PROFILE_AI,1.0,2026-09-04T21:22:42+00:00
Suzuki,GSXR 125,MOTORCYCLE,MOTORCYCLE,SMALL,HIGH,LOW,LOW,MEDIUM,LOW,LOW,MEDIUM,HIGH,MODEL_PROFILE_AI,1.0,2026-09-04T21:20:52+00:00
Suzuki,GSXS 125,MOTORCYCLE,MOTORCYCLE,UNKNOWN,HIGH,LOW,MEDIUM,MEDIUM,MEDIUM,LOW,HIGH,HIGH,MODEL_PROFILE_AI,1.0,2026-09-04T21:20:41+00:00
Suzuki,Ignis,CAR,HATCHBACK,SMALL,HIGH,LOW,MEDIUM,LOW,MEDIUM,MEDIUM,HIGH,HIGH,MODEL_PROFILE_AI,1.0,2026-09-04T21:21:22+00:00
Suzuki,Jimny,CAR,SUV,SMALL,MEDIUM,LOW,LOW,MEDIUM,MEDIUM,MEDIUM,MEDIUM,HIGH,MODEL_PROFILE_AI,1.0,2026-09-04T21:21:12+00:00
Suzuki,Samurai,CAR,SUV,SMALL,LOW,LOW,LOW,MEDIUM,MEDIUM,LOW,LOW,HIGH,MODEL_PROFILE_AI,1.0,2026-09-04T21:20:11+00:00
Suzuki,Solio,CAR,MPV,SMALL,HIGH,LOW,MEDIUM,LOW,HIGH,HIGH,HIGH,HIGH,MODEL_PROFILE_AI,1.0,2026-09-04T21:20:21+00:00
Suzuki,Splash,CAR,HATCHBACK,SMALL,HIGH,LOW,MEDIUM,LOW,HIGH,MEDIUM,HIGH,HIGH,MODEL_PROFILE_AI,1.0,2026-09-04T21:20:30+00:00
Suzuki,Swift,CAR,HATCHBACK,SMALL,HIGH,LOW,MEDIUM,MEDIUM,MEDIUM,MEDIUM,HIGH,HIGH,MODEL_PROFILE_AI,1.0,2026-09-04T21:19:50+00:00
Suzuki,SX4,CAR,CROSSOVER,COMPACT,MEDIUM,LOW,MEDIUM,MEDIUM,HIGH,HIGH,HIGH,HIGH,MODEL_PROFILE_AI,1.0,2026-09-04T21:20:30+00:00
Suzuki,V-Strom,MOTORCYCLE,MOTORCYCLE,UNKNOWN,MEDIUM,LOW,HIGH,MEDIUM,MEDIUM,LOW,MEDIUM,HIGH,MODEL_PROFILE_AI,1.0,2026-09-04T21:20:01+00:00
Suzuki,Vitara,CAR,SUV,COMPACT,MEDIUM,LOW,MEDIUM,MEDIUM,HIGH,HIGH,MEDIUM,HIGH,MODEL_PROFILE_AI,1.0,2026-09-04T21:20:41+00:00
Suzuki,Wagon R,CAR,HATCHBACK,SMALL,HIGH,LOW,MEDIUM,LOW,HIGH,MEDIUM,HIGH,HIGH,MODEL_PROFILE_AI,1.0,2026-09-04T21:21:02+00:00
Suzuki,X-90,CAR,SUV,SMALL,MEDIUM,LOW,LOW,LOW,LOW,LOW,MEDIUM,HIGH,MODEL_PROFILE_AI,1.0,2026-09-04T21:22:42+00:00
Sürat,Teknesi,OTHER,OTHER,UNKNOWN,UNKNOWN,UNKNOWN,UNKNOWN,UNKNOWN,UNKNOWN,UNKNOWN,UNKNOWN,LOW,MODEL_PROFILE_AI,1.0,2026-09-04T21:23:14+00:00
Tarım,Makineleri Traktör,OTHER,OTHER,UNKNOWN,UNKNOWN,LOW,LOW,MEDIUM,HIGH,LOW,LOW,HIGH,MODEL_PROFILE_AI,1.0,2026-09-04T21:24:14+00:00
Tata,Aria,CAR,MPV,MIDSIZE,HIGH,LOW,MEDIUM,LOW,HIGH,HIGH,MEDIUM,HIGH,MODEL_PROFILE_AI,1.0,2026-09-04T21:21:12+00:00
Tesla,3,CAR,SEDAN,MIDSIZE,HIGH,MEDIUM,MEDIUM,HIGH,MEDIUM,MEDIUM,HIGH,HIGH,MODEL_PROFILE_AI,1.0,2026-09-04T21:23:33+00:00
Tesla,S,CAR,SEDAN,LARGE,MEDIUM,HIGH,HIGH,HIGH,MEDIUM,MEDIUM,MEDIUM,HIGH,MODEL_PROFILE_AI,1.0,2026-09-04T21:23:53+00:00
Tesla,X,CAR,SUV,LARGE,HIGH,HIGH,HIGH,HIGH,HIGH,HIGH,MEDIUM,HIGH,MODEL_PROFILE_AI,1.0,2026-09-04T21:24:14+00:00
Tesla,Y,CAR,SUV,COMPACT,HIGH,MEDIUM,MEDIUM,MEDIUM,HIGH,HIGH,HIGH,HIGH,MODEL_PROFILE_AI,1.0,2026-09-04T21:24:02+00:00
Toyota,Allex,CAR,HATCHBACK,COMPACT,HIGH,LOW,MEDIUM,MEDIUM,HIGH,MEDIUM,HIGH,HIGH,MODEL_PROFILE_AI,1.0,2026-09-04T21:20:41+00:00
Toyota,Allion,CAR,SEDAN,MIDSIZE,MEDIUM,LOW,MEDIUM,LOW,HIGH,HIGH,HIGH,HIGH,MODEL_PROFILE_AI,1.0,2026-09-04T21:20:52+00:00
Toyota,Alphard,CAR,MPV,LARGE,MEDIUM,HIGH,HIGH,LOW,HIGH,HIGH,MEDIUM,HIGH,MODEL_PROFILE_AI,1.0,2026-09-04T21:24:02+00:00
Toyota,Aqua,CAR,HATCHBACK,COMPACT,HIGH,LOW,MEDIUM,LOW,HIGH,MEDIUM,HIGH,HIGH,MODEL_PROFILE_AI,1.0,2026-09-04T21:22:10+00:00
Toyota,Aqua Cross,CAR,CROSSOVER,SMALL,HIGH,LOW,MEDIUM,LOW,MEDIUM,MEDIUM,HIGH,MEDIUM,MODEL_PROFILE_AI,1.0,2026-09-04T21:23:14+00:00
Toyota,Auris,CAR,HATCHBACK,COMPACT,HIGH,LOW,MEDIUM,MEDIUM,HIGH,HIGH,HIGH,HIGH,MODEL_PROFILE_AI,1.0,2026-09-04T21:20:41+00:00
Toyota,Avensis,CAR,SEDAN,MIDSIZE,MEDIUM,LOW,HIGH,LOW,MEDIUM,HIGH,HIGH,HIGH,MODEL_PROFILE_AI,1.0,2026-09-04T21:23:04+00:00
Toyota,Axio,CAR,SEDAN,COMPACT,HIGH,LOW,MEDIUM,LOW,HIGH,HIGH,HIGH,HIGH,MODEL_PROFILE_AI,1.0,2026-09-04T21:20:41+00:00
Toyota,Aygo,CAR,HATCHBACK,SMALL,HIGH,LOW,LOW,LOW,MEDIUM,MEDIUM,HIGH,HIGH,MODEL_PROFILE_AI,1.0,2026-09-04T21:22:00+00:00
Toyota,Belta,CAR,SEDAN,SMALL,HIGH,LOW,MEDIUM,LOW,MEDIUM,MEDIUM,HIGH,HIGH,MODEL_PROFILE_AI,1.0,2026-09-04T21:21:02+00:00
Toyota,C-HR,CAR,CROSSOVER,COMPACT,HIGH,LOW,MEDIUM,MEDIUM,MEDIUM,MEDIUM,HIGH,HIGH,MODEL_PROFILE_AI,1.0,2026-09-04T21:23:14+00:00
Toyota,Cami,CAR,SUV,SMALL,MEDIUM,LOW,MEDIUM,LOW,HIGH,MEDIUM,MEDIUM,HIGH,MODEL_PROFILE_AI,1.0,2026-09-04T21:20:30+00:00
Toyota,Camry,CAR,SEDAN,LARGE,MEDIUM,MEDIUM,HIGH,MEDIUM,HIGH,HIGH,HIGH,HIGH,MODEL_PROFILE_AI,1.0,2026-09-04T21:23:33+00:00
Toyota,Celica,CAR,COUPE,COMPACT,MEDIUM,LOW,MEDIUM,HIGH,LOW,LOW,MEDIUM,HIGH,MODEL_PROFILE_AI,1.0,2026-09-04T21:21:31+00:00
Toyota,Century,CAR,SEDAN,LARGE,MEDIUM,HIGH,HIGH,LOW,MEDIUM,MEDIUM,MEDIUM,HIGH,MODEL_PROFILE_AI,1.0,2026-09-04T21:24:14+00:00
Toyota,Copen,CAR,CONVERTIBLE,MICRO,HIGH,LOW,LOW,MEDIUM,LOW,LOW,MEDIUM,HIGH,MODEL_PROFILE_AI,1.0,2026-09-04T21:22:10+00:00
Toyota,Corolla,CAR,SEDAN,COMPACT,MEDIUM,LOW,MEDIUM,LOW,HIGH,HIGH,HIGH,HIGH,MODEL_PROFILE_AI,1.0,2026-09-04T21:20:11+00:00
Toyota,Corolla Cross,CAR,CROSSOVER,COMPACT,HIGH,LOW,MEDIUM,MEDIUM,HIGH,HIGH,HIGH,HIGH,MODEL_PROFILE_AI,1.0,2026-09-04T21:23:33+00:00
Toyota,Crown Sport,CAR,SUV,MIDSIZE,HIGH,MEDIUM,HIGH,MEDIUM,MEDIUM,MEDIUM,HIGH,HIGH,MODEL_PROFILE_AI,1.0,2026-09-04T21:24:14+00:00
Toyota,FJ Cruiser,CAR,SUV,MIDSIZE,LOW,LOW,MEDIUM,MEDIUM,MEDIUM,MEDIUM,LOW,HIGH,MODEL_PROFILE_AI,1.0,2026-09-04T21:24:14+00:00
Toyota,Funcargo,CAR,MPV,SMALL,HIGH,LOW,MEDIUM,LOW,HIGH,MEDIUM,HIGH,HIGH,MODEL_PROFILE_AI,1.0,2026-09-04T21:20:01+00:00
Toyota,GR Yaris,CAR,HATCHBACK,SMALL,MEDIUM,LOW,LOW,HIGH,MEDIUM,LOW,MEDIUM,HIGH,MODEL_PROFILE_AI,1.0,2026-09-04T21:23:33+00:00
Toyota,GR86,CAR,COUPE,COMPACT,MEDIUM,LOW,MEDIUM,HIGH,LOW,LOW,MEDIUM,HIGH,MODEL_PROFILE_AI,1.0,2026-09-04T21:24:02+00:00
Toyota,GT86,CAR,COUPE,COMPACT,MEDIUM,LOW,LOW,HIGH,LOW,LOW,MEDIUM,HIGH,MODEL_PROFILE_AI,1.0,2026-09-04T21:22:42+00:00
Toyota,Harrier,CAR,SUV,MIDSIZE,MEDIUM,MEDIUM,HIGH,MEDIUM,HIGH,HIGH,MEDIUM,HIGH,MODEL_PROFILE_AI,1.0,2026-09-04T21:22:10+00:00
Toyota,Hi-Ace,VAN,VAN,LARGE,MEDIUM,LOW,MEDIUM,LOW,HIGH,MEDIUM,MEDIUM,HIGH,MODEL_PROFILE_AI,1.0,2026-09-04T21:23:04+00:00
Toyota,Highlander,CAR,SUV,LARGE,MEDIUM,LOW,HIGH,LOW,HIGH,HIGH,MEDIUM,HIGH,MODEL_PROFILE_AI,1.0,2026-09-04T21:24:14+00:00
Toyota,Hilux,PICKUP,PICKUP,LARGE,MEDIUM,LOW,MEDIUM,MEDIUM,HIGH,MEDIUM,MEDIUM,HIGH,MODEL_PROFILE_AI,1.0,2026-09-04T21:22:42+00:00
Toyota,iQ,CAR,HATCHBACK,MICRO,HIGH,LOW,LOW,LOW,LOW,LOW,HIGH,HIGH,MODEL_PROFILE_AI,1.0,2026-09-04T21:21:02+00:00
Toyota,ISis,CAR,MPV,COMPACT,MEDIUM,LOW,HIGH,LOW,HIGH,HIGH,MEDIUM,HIGH,MODEL_PROFILE_AI,1.0,2026-09-04T21:21:50+00:00
Toyota,Ist,CAR,HATCHBACK,SMALL,HIGH,LOW,MEDIUM,MEDIUM,HIGH,MEDIUM,HIGH,HIGH,MODEL_PROFILE_AI,1.0,2026-09-04T21:20:41+00:00
Toyota,Land Cruiser,UNKNOWN,SUV,LARGE,LOW,MEDIUM,HIGH,HIGH,HIGH,HIGH,MEDIUM,HIGH,MODEL_PROFILE_AI,1.0,2026-09-04T21:23:04+00:00
Toyota,MR-S,CAR,CONVERTIBLE,COMPACT,MEDIUM,LOW,LOW,HIGH,LOW,LOW,MEDIUM,HIGH,MODEL_PROFILE_AI,1.0,2026-09-04T21:21:50+00:00
Toyota,MR2,CAR,CONVERTIBLE,COMPACT,MEDIUM,LOW,MEDIUM,HIGH,LOW,LOW,MEDIUM,HIGH,MODEL_PROFILE_AI,1.0,2026-09-04T21:22:00+00:00
Toyota,Noah,CAR,MPV,LARGE,MEDIUM,LOW,HIGH,LOW,HIGH,HIGH,MEDIUM,HIGH,MODEL_PROFILE_AI,1.0,2026-09-04T21:23:33+00:00
Toyota,Passo,CAR,HATCHBACK,SMALL,HIGH,LOW,MEDIUM,LOW,MEDIUM,MEDIUM,HIGH,HIGH,MODEL_PROFILE_AI,1.0,2026-09-04T21:20:21+00:00
Toyota,Pixis,CAR,HATCHBACK,MICRO,HIGH,LOW,LOW,LOW,MEDIUM,LOW,HIGH,MEDIUM,MODEL_PROFILE_AI,1.0,2026-09-04T21:21:31+00:00
Toyota,Prado,CAR,SUV,LARGE,LOW,MEDIUM,HIGH,MEDIUM,HIGH,HIGH,LOW,HIGH,MODEL_PROFILE_AI,1.0,2026-09-04T21:22:10+00:00
Toyota,Premio,CAR,SEDAN,MIDSIZE,MEDIUM,MEDIUM,HIGH,LOW,MEDIUM,HIGH,MEDIUM,HIGH,MODEL_PROFILE_AI,1.0,2026-09-04T21:20:21+00:00
Toyota,Previa,CAR,MPV,LARGE,MEDIUM,LOW,HIGH,LOW,HIGH,HIGH,MEDIUM,HIGH,MODEL_PROFILE_AI,1.0,2026-09-05T06:11:44+00:00
Toyota,Prius,CAR,HATCHBACK,MIDSIZE,HIGH,LOW,MEDIUM,LOW,MEDIUM,MEDIUM,HIGH,HIGH,MODEL_PROFILE_AI,1.0,2026-09-04T21:23:14+00:00
Toyota,Proace City,VAN,VAN,COMPACT,HIGH,LOW,MEDIUM,LOW,HIGH,HIGH,HIGH,HIGH,MODEL_PROFILE_AI,1.0,2026-09-04T21:22:10+00:00
Toyota,Probox,CAR,WAGON,COMPACT,HIGH,LOW,LOW,LOW,HIGH,MEDIUM,HIGH,HIGH,MODEL_PROFILE_AI,1.0,2026-09-04T21:20:30+00:00
Toyota,Probox Hybrid,CAR,WAGON,COMPACT,HIGH,LOW,LOW,LOW,HIGH,MEDIUM,HIGH,HIGH,MODEL_PROFILE_AI,1.0,2026-09-04T21:22:23+00:00
Toyota,Ractis,CAR,HATCHBACK,SMALL,HIGH,LOW,MEDIUM,LOW,HIGH,HIGH,HIGH,HIGH,MODEL_PROFILE_AI,1.0,2026-09-04T21:21:22+00:00
Toyota,Raize,CAR,CROSSOVER,SMALL,HIGH,LOW,MEDIUM,LOW,MEDIUM,MEDIUM,HIGH,HIGH,MODEL_PROFILE_AI,1.0,2026-09-04T21:23:04+00:00
Toyota,RAV4,CAR,SUV,COMPACT,MEDIUM,LOW,MEDIUM,MEDIUM,HIGH,HIGH,HIGH,HIGH,MODEL_PROFILE_AI,1.0,2026-09-04T21:20:52+00:00
Toyota,Roomy,CAR,MPV,SMALL,HIGH,LOW,MEDIUM,LOW,HIGH,HIGH,HIGH,HIGH,MODEL_PROFILE_AI,1.0,2026-09-04T21:22:10+00:00
Toyota,Runx,CAR,HATCHBACK,COMPACT,HIGH,LOW,MEDIUM,MEDIUM,HIGH,MEDIUM,HIGH,HIGH,MODEL_PROFILE_AI,1.0,2026-09-04T21:20:41+00:00
Toyota,Rush,CAR,SUV,COMPACT,MEDIUM,LOW,MEDIUM,LOW,HIGH,HIGH,MEDIUM,HIGH,MODEL_PROFILE_AI,1.0,2026-09-04T21:21:41+00:00
Toyota,Sienta,CAR,MPV,COMPACT,HIGH,LOW,MEDIUM,LOW,HIGH,HIGH,HIGH,HIGH,MODEL_PROFILE_AI,1.0,2026-09-04T21:21:22+00:00
Toyota,Soarer,CAR,COUPE,LARGE,LOW,HIGH,HIGH,HIGH,LOW,LOW,LOW,HIGH,MODEL_PROFILE_AI,1.0,2026-09-04T21:23:14+00:00
Toyota,Starlet,CAR,HATCHBACK,SMALL,HIGH,LOW,LOW,MEDIUM,MEDIUM,MEDIUM,HIGH,HIGH,MODEL_PROFILE_AI,1.0,2026-09-04T21:19:50+00:00
Toyota,Supra,CAR,COUPE,COMPACT,MEDIUM,MEDIUM,MEDIUM,HIGH,LOW,LOW,MEDIUM,HIGH,MODEL_PROFILE_AI,1.0,2026-09-04T21:24:14+00:00
Toyota,Tank,CAR,HATCHBACK,SMALL,HIGH,LOW,MEDIUM,LOW,HIGH,MEDIUM,HIGH,HIGH,MODEL_PROFILE_AI,1.0,2026-09-04T21:22:42+00:00
Toyota,Tercel,CAR,SEDAN,SMALL,HIGH,LOW,LOW,LOW,MEDIUM,MEDIUM,HIGH,HIGH,MODEL_PROFILE_AI,1.0,2026-09-04T21:20:01+00:00
Toyota,Town Ace,VAN,VAN,COMPACT,MEDIUM,LOW,MEDIUM,LOW,HIGH,HIGH,MEDIUM,HIGH,MODEL_PROFILE_AI,1.0,2026-09-04T21:22:10+00:00
Toyota,Townace,VAN,VAN,MIDSIZE,MEDIUM,LOW,LOW,LOW,HIGH,MEDIUM,LOW,HIGH,MODEL_PROFILE_AI,1.0,2026-09-04T21:22:23+00:00
Toyota,Verso,CAR,MPV,MIDSIZE,MEDIUM,LOW,HIGH,LOW,HIGH,HIGH,MEDIUM,HIGH,MODEL_PROFILE_AI,1.0,2026-09-04T21:20:21+00:00
Toyota,Vitz,CAR,HATCHBACK,SMALL,HIGH,LOW,MEDIUM,LOW,MEDIUM,MEDIUM,HIGH,HIGH,MODEL_PROFILE_AI,1.0,2026-09-04T21:20:01+00:00
Toyota,Voltz,CAR,HATCHBACK,COMPACT,MEDIUM,LOW,MEDIUM,MEDIUM,MEDIUM,MEDIUM,MEDIUM,MEDIUM,MODEL_PROFILE_AI,1.0,2026-09-04T21:21:02+00:00
Toyota,Voxy,CAR,MPV,MIDSIZE,MEDIUM,LOW,HIGH,LOW,HIGH,HIGH,MEDIUM,HIGH,MODEL_PROFILE_AI,1.0,2026-09-04T21:23:14+00:00
Toyota,Yaris,CAR,HATCHBACK,SMALL,HIGH,LOW,MEDIUM,LOW,MEDIUM,MEDIUM,HIGH,HIGH,MODEL_PROFILE_AI,1.0,2026-09-04T21:20:52+00:00
Toyota,Yaris Cross,CAR,CROSSOVER,SMALL,HIGH,LOW,MEDIUM,LOW,MEDIUM,MEDIUM,HIGH,HIGH,MODEL_PROFILE_AI,1.0,2026-09-04T21:23:04+00:00
Triumph,Diğer,UNKNOWN,UNKNOWN,UNKNOWN,UNKNOWN,UNKNOWN,UNKNOWN,UNKNOWN,UNKNOWN,UNKNOWN,UNKNOWN,LOW,MODEL_PROFILE_AI,1.0,2026-09-04T21:21:41+00:00
Triumph,Rocket 3 GT,MOTORCYCLE,MOTORCYCLE,UNKNOWN,LOW,MEDIUM,MEDIUM,HIGH,LOW,LOW,LOW,HIGH,MODEL_PROFILE_AI,1.0,2026-09-04T21:23:24+00:00
Triumph,Tiger Sport 800,MOTORCYCLE,MOTORCYCLE,UNKNOWN,MEDIUM,MEDIUM,HIGH,HIGH,MEDIUM,LOW,MEDIUM,HIGH,MODEL_PROFILE_AI,1.0,2026-09-04T21:22:23+00:00
Triumph,Trident 900,MOTORCYCLE,MOTORCYCLE,UNKNOWN,MEDIUM,LOW,MEDIUM,HIGH,LOW,LOW,MEDIUM,HIGH,MODEL_PROFILE_AI,1.0,2026-09-04T21:21:41+00:00
Vauxhall,Astra,CAR,HATCHBACK,COMPACT,MEDIUM,LOW,MEDIUM,MEDIUM,MEDIUM,MEDIUM,HIGH,HIGH,MODEL_PROFILE_AI,1.0,2026-09-04T21:20:21+00:00
Vauxhall,Combo,VAN,VAN,COMPACT,MEDIUM,LOW,MEDIUM,LOW,HIGH,HIGH,MEDIUM,HIGH,MODEL_PROFILE_AI,1.0,2026-09-04T21:21:02+00:00
Vauxhall,Corsa,CAR,HATCHBACK,SMALL,HIGH,LOW,MEDIUM,LOW,MEDIUM,MEDIUM,HIGH,HIGH,MODEL_PROFILE_AI,1.0,2026-09-04T21:20:21+00:00
Vauxhall,Insignia,CAR,SEDAN,MIDSIZE,MEDIUM,MEDIUM,HIGH,MEDIUM,HIGH,HIGH,HIGH,HIGH,MODEL_PROFILE_AI,1.0,2026-09-04T21:20:30+00:00
Vauxhall,Movano,VAN,VAN,LARGE,MEDIUM,LOW,LOW,LOW,HIGH,MEDIUM,LOW,HIGH,MODEL_PROFILE_AI,1.0,2026-09-04T21:23:14+00:00
Vauxhall,Victor,CAR,SEDAN,MIDSIZE,LOW,LOW,MEDIUM,LOW,MEDIUM,MEDIUM,LOW,HIGH,MODEL_PROFILE_AI,1.0,2026-09-04T21:21:02+00:00
Vauxhall,Vivaro,VAN,VAN,LARGE,MEDIUM,LOW,MEDIUM,LOW,HIGH,HIGH,MEDIUM,HIGH,MODEL_PROFILE_AI,1.0,2026-09-04T21:21:22+00:00
Vauxhall,Zafira,CAR,MPV,COMPACT,MEDIUM,LOW,HIGH,LOW,HIGH,HIGH,MEDIUM,HIGH,MODEL_PROFILE_AI,1.0,2026-09-04T21:21:50+00:00
Vespa,Diğer,UNKNOWN,UNKNOWN,UNKNOWN,UNKNOWN,UNKNOWN,UNKNOWN,UNKNOWN,UNKNOWN,UNKNOWN,UNKNOWN,LOW,MODEL_PROFILE_AI,1.0,2026-09-04T21:21:12+00:00
Vespa,VXL150,SCOOTER,SCOOTER,SMALL,HIGH,MEDIUM,MEDIUM,LOW,MEDIUM,LOW,HIGH,HIGH,MODEL_PROFILE_AI,1.0,2026-09-04T21:20:21+00:00
Volkswagen,Amarok,PICKUP,PICKUP,LARGE,MEDIUM,MEDIUM,MEDIUM,MEDIUM,HIGH,MEDIUM,LOW,HIGH,MODEL_PROFILE_AI,1.0,2026-09-04T21:23:14+00:00
Volkswagen,Arteon,CAR,SEDAN,LARGE,MEDIUM,MEDIUM,HIGH,MEDIUM,MEDIUM,MEDIUM,MEDIUM,HIGH,MODEL_PROFILE_AI,1.0,2026-09-04T21:23:24+00:00
Volkswagen,Beach Buggy,OTHER,OTHER,UNKNOWN,UNKNOWN,LOW,LOW,MEDIUM,LOW,LOW,LOW,MEDIUM,MODEL_PROFILE_AI,1.0,2026-09-04T21:22:23+00:00
Volkswagen,Beetle,CAR,HATCHBACK,COMPACT,MEDIUM,MEDIUM,MEDIUM,MEDIUM,LOW,LOW,MEDIUM,HIGH,MODEL_PROFILE_AI,1.0,2026-09-04T21:20:21+00:00
Volkswagen,Buggy,OTHER,OTHER,UNKNOWN,UNKNOWN,LOW,LOW,MEDIUM,LOW,LOW,LOW,MEDIUM,MODEL_PROFILE_AI,1.0,2026-09-04T21:21:50+00:00
Volkswagen,Caddy,VAN,VAN,COMPACT,HIGH,LOW,MEDIUM,LOW,HIGH,HIGH,HIGH,HIGH,MODEL_PROFILE_AI,1.0,2026-09-04T21:22:00+00:00
Volkswagen,Crafter,VAN,VAN,LARGE,MEDIUM,LOW,MEDIUM,LOW,HIGH,MEDIUM,MEDIUM,HIGH,MODEL_PROFILE_AI,1.0,2026-09-04T21:22:42+00:00
Volkswagen,E-Golf,CAR,HATCHBACK,COMPACT,HIGH,LOW,MEDIUM,MEDIUM,HIGH,MEDIUM,HIGH,HIGH,MODEL_PROFILE_AI,1.0,2026-09-04T21:23:53+00:00
Volkswagen,EOS,CAR,CONVERTIBLE,COMPACT,MEDIUM,MEDIUM,MEDIUM,MEDIUM,LOW,LOW,MEDIUM,HIGH,MODEL_PROFILE_AI,1.0,2026-09-04T21:21:22+00:00
Volkswagen,Golf,CAR,HATCHBACK,COMPACT,MEDIUM,MEDIUM,HIGH,MEDIUM,HIGH,HIGH,HIGH,HIGH,MODEL_PROFILE_AI,1.0,2026-09-04T21:20:01+00:00
Volkswagen,ID.3,CAR,HATCHBACK,COMPACT,HIGH,LOW,MEDIUM,LOW,MEDIUM,MEDIUM,HIGH,HIGH,MODEL_PROFILE_AI,1.0,2026-09-04T21:23:14+00:00
Volkswagen,ID.4,CAR,SUV,MIDSIZE,HIGH,LOW,HIGH,MEDIUM,HIGH,HIGH,HIGH,HIGH,MODEL_PROFILE_AI,1.0,2026-09-04T21:23:43+00:00
Volkswagen,Jetta,CAR,SEDAN,COMPACT,MEDIUM,MEDIUM,MEDIUM,LOW,HIGH,HIGH,HIGH,HIGH,MODEL_PROFILE_AI,1.0,2026-09-04T21:20:52+00:00
Volkswagen,Passat,CAR,SEDAN,MIDSIZE,MEDIUM,MEDIUM,HIGH,MEDIUM,HIGH,HIGH,HIGH,HIGH,MODEL_PROFILE_AI,1.0,2026-09-04T21:20:41+00:00
Volkswagen,Passat Variant,CAR,WAGON,LARGE,MEDIUM,MEDIUM,HIGH,MEDIUM,HIGH,HIGH,HIGH,HIGH,MODEL_PROFILE_AI,1.0,2026-09-04T21:22:53+00:00
Volkswagen,Polo,CAR,HATCHBACK,SMALL,HIGH,MEDIUM,MEDIUM,MEDIUM,MEDIUM,MEDIUM,HIGH,HIGH,MODEL_PROFILE_AI,1.0,2026-09-04T21:20:01+00:00
Volkswagen,Scirocco,CAR,COUPE,COMPACT,MEDIUM,LOW,MEDIUM,HIGH,LOW,LOW,MEDIUM,HIGH,MODEL_PROFILE_AI,1.0,2026-09-04T21:21:41+00:00
Volkswagen,T-Cross,CAR,CROSSOVER,SMALL,HIGH,LOW,MEDIUM,LOW,MEDIUM,MEDIUM,HIGH,HIGH,MODEL_PROFILE_AI,1.0,2026-09-04T21:23:14+00:00
Volkswagen,T-Roc,CAR,CROSSOVER,COMPACT,MEDIUM,LOW,MEDIUM,MEDIUM,MEDIUM,MEDIUM,HIGH,HIGH,MODEL_PROFILE_AI,1.0,2026-09-04T21:23:14+00:00
Volkswagen,Tiguan,CAR,SUV,COMPACT,MEDIUM,LOW,MEDIUM,MEDIUM,HIGH,HIGH,HIGH,HIGH,MODEL_PROFILE_AI,1.0,2026-09-04T21:21:22+00:00
Volkswagen,Touareg,CAR,SUV,LARGE,LOW,HIGH,HIGH,HIGH,HIGH,HIGH,MEDIUM,HIGH,MODEL_PROFILE_AI,1.0,2026-09-04T21:21:41+00:00
Volkswagen,Touran,CAR,MPV,COMPACT,HIGH,LOW,MEDIUM,LOW,HIGH,HIGH,HIGH,HIGH,MODEL_PROFILE_AI,1.0,2026-09-04T21:22:00+00:00
Volkswagen,Up Club,CAR,HATCHBACK,MICRO,HIGH,LOW,LOW,LOW,MEDIUM,LOW,HIGH,MEDIUM,MODEL_PROFILE_AI,1.0,2026-09-04T21:22:00+00:00
Volkswagen,VW CC,CAR,SEDAN,MIDSIZE,MEDIUM,MEDIUM,HIGH,MEDIUM,MEDIUM,MEDIUM,MEDIUM,HIGH,MODEL_PROFILE_AI,1.0,2026-09-04T21:23:04+00:00
Volvo,C40,CAR,CROSSOVER,COMPACT,HIGH,HIGH,HIGH,MEDIUM,MEDIUM,MEDIUM,HIGH,HIGH,MODEL_PROFILE_AI,1.0,2026-09-04T21:24:02+00:00
Volvo,EX30,CAR,SUV,SMALL,HIGH,HIGH,MEDIUM,MEDIUM,MEDIUM,MEDIUM,HIGH,HIGH,MODEL_PROFILE_AI,1.0,2026-09-04T21:24:02+00:00
Volvo,S40,CAR,SEDAN,COMPACT,MEDIUM,MEDIUM,HIGH,MEDIUM,MEDIUM,MEDIUM,MEDIUM,HIGH,MODEL_PROFILE_AI,1.0,2026-09-04T21:20:21+00:00
Volvo,S60,CAR,SEDAN,MIDSIZE,MEDIUM,HIGH,HIGH,MEDIUM,MEDIUM,MEDIUM,HIGH,HIGH,MODEL_PROFILE_AI,1.0,2026-09-04T21:22:32+00:00
Volvo,S80,CAR,SEDAN,LARGE,MEDIUM,HIGH,HIGH,MEDIUM,MEDIUM,HIGH,MEDIUM,HIGH,MODEL_PROFILE_AI,1.0,2026-09-04T21:21:41+00:00
Volvo,S90,CAR,SEDAN,LARGE,MEDIUM,HIGH,HIGH,MEDIUM,MEDIUM,HIGH,MEDIUM,HIGH,MODEL_PROFILE_AI,1.0,2026-09-04T21:22:53+00:00
Volvo,V40,CAR,HATCHBACK,COMPACT,MEDIUM,MEDIUM,HIGH,MEDIUM,MEDIUM,MEDIUM,HIGH,HIGH,MODEL_PROFILE_AI,1.0,2026-09-04T21:22:23+00:00
Volvo,XC40,CAR,SUV,COMPACT,MEDIUM,HIGH,HIGH,MEDIUM,HIGH,HIGH,HIGH,HIGH,MODEL_PROFILE_AI,1.0,2026-09-04T21:23:33+00:00
Volvo,XC60,CAR,SUV,MIDSIZE,MEDIUM,HIGH,HIGH,MEDIUM,HIGH,HIGH,MEDIUM,HIGH,MODEL_PROFILE_AI,1.0,2026-09-04T21:23:43+00:00
Volvo,XC90,CAR,SUV,LARGE,MEDIUM,HIGH,HIGH,MEDIUM,HIGH,HIGH,MEDIUM,HIGH,MODEL_PROFILE_AI,1.0,2026-09-04T21:24:02+00:00
Yamaha,Diğer,UNKNOWN,UNKNOWN,UNKNOWN,UNKNOWN,UNKNOWN,UNKNOWN,UNKNOWN,UNKNOWN,UNKNOWN,UNKNOWN,LOW,MODEL_PROFILE_AI,1.0,2026-09-04T21:19:50+00:00
Yamaha,Dragstar 400,MOTORCYCLE,MOTORCYCLE,UNKNOWN,MEDIUM,LOW,MEDIUM,MEDIUM,LOW,LOW,MEDIUM,HIGH,MODEL_PROFILE_AI,1.0,2026-09-04T21:21:50+00:00
Yamaha,MT-03,MOTORCYCLE,MOTORCYCLE,SMALL,HIGH,LOW,MEDIUM,MEDIUM,MEDIUM,LOW,HIGH,HIGH,MODEL_PROFILE_AI,1.0,2026-09-04T21:21:12+00:00
Yamaha,MT-07,MOTORCYCLE,MOTORCYCLE,UNKNOWN,MEDIUM,LOW,MEDIUM,HIGH,MEDIUM,LOW,HIGH,HIGH,MODEL_PROFILE_AI,1.0,2026-09-04T21:22:10+00:00
Yamaha,MT-09,MOTORCYCLE,MOTORCYCLE,UNKNOWN,MEDIUM,LOW,MEDIUM,HIGH,LOW,LOW,MEDIUM,HIGH,MODEL_PROFILE_AI,1.0,2026-09-04T21:23:04+00:00
Yamaha,NMAX 125,SCOOTER,SCOOTER,SMALL,HIGH,LOW,MEDIUM,LOW,HIGH,LOW,HIGH,HIGH,MODEL_PROFILE_AI,1.0,2026-09-04T21:20:52+00:00
Yamaha,R15,MOTORCYCLE,MOTORCYCLE,UNKNOWN,HIGH,LOW,LOW,MEDIUM,LOW,LOW,MEDIUM,HIGH,MODEL_PROFILE_AI,1.0,2026-09-04T21:21:22+00:00
Yamaha,R3,MOTORCYCLE,MOTORCYCLE,UNKNOWN,MEDIUM,LOW,LOW,MEDIUM,LOW,LOW,MEDIUM,HIGH,MODEL_PROFILE_AI,1.0,2026-09-04T21:21:22+00:00
Yamaha,Raptor,ATV_UTV,ATV_UTV,UNKNOWN,MEDIUM,LOW,LOW,HIGH,MEDIUM,LOW,LOW,HIGH,MODEL_PROFILE_AI,1.0,2026-09-04T21:23:04+00:00
Yamaha,Stryker 1300,MOTORCYCLE,MOTORCYCLE,LARGE,LOW,LOW,MEDIUM,MEDIUM,LOW,LOW,LOW,HIGH,MODEL_PROFILE_AI,1.0,2026-09-04T21:23:14+00:00
Yamaha,Tenere 700,MOTORCYCLE,MOTORCYCLE,UNKNOWN,MEDIUM,LOW,MEDIUM,HIGH,MEDIUM,LOW,MEDIUM,HIGH,MODEL_PROFILE_AI,1.0,2026-09-04T21:23:04+00:00
Yamaha,TMAX 560,SCOOTER,SCOOTER,UNKNOWN,MEDIUM,MEDIUM,HIGH,HIGH,MEDIUM,LOW,HIGH,HIGH,MODEL_PROFILE_AI,1.0,2026-09-04T21:22:23+00:00
Yamaha,Toricity125,SCOOTER,SCOOTER,UNKNOWN,HIGH,LOW,MEDIUM,LOW,HIGH,LOW,HIGH,HIGH,MODEL_PROFILE_AI,1.0,2026-09-04T21:22:32+00:00
Yamaha,Tracer 9 GT+,MOTORCYCLE,MOTORCYCLE,UNKNOWN,MEDIUM,MEDIUM,HIGH,HIGH,MEDIUM,LOW,MEDIUM,HIGH,MODEL_PROFILE_AI,1.0,2026-09-04T21:23:43+00:00
Yamaha,XMAX,SCOOTER,SCOOTER,UNKNOWN,MEDIUM,MEDIUM,HIGH,MEDIUM,HIGH,LOW,HIGH,HIGH,MODEL_PROFILE_AI,1.0,2026-09-04T21:21:22+00:00
Yamaha,XMAX 250,SCOOTER,SCOOTER,SMALL,HIGH,LOW,HIGH,MEDIUM,HIGH,LOW,HIGH,HIGH,MODEL_PROFILE_AI,1.0,2026-09-04T21:21:12+00:00
Yuki,Crypto,SCOOTER,SCOOTER,UNKNOWN,HIGH,LOW,MEDIUM,LOW,MEDIUM,LOW,HIGH,MEDIUM,MODEL_PROFILE_AI,1.0,2026-09-04T21:19:50+00:00
Yuki,Diğer,UNKNOWN,UNKNOWN,UNKNOWN,UNKNOWN,UNKNOWN,UNKNOWN,UNKNOWN,UNKNOWN,UNKNOWN,UNKNOWN,LOW,MODEL_PROFILE_AI,1.0,2026-09-04T21:20:01+00:00
Yuki,Legend,SCOOTER,SCOOTER,UNKNOWN,HIGH,LOW,MEDIUM,LOW,MEDIUM,LOW,HIGH,MEDIUM,MODEL_PROFILE_AI,1.0,2026-09-04T21:19:50+00:00
Yuki,Risotto,SCOOTER,SCOOTER,UNKNOWN,HIGH,LOW,MEDIUM,LOW,MEDIUM,LOW,HIGH,MEDIUM,MODEL_PROFILE_AI,1.0,2026-09-04T21:19:50+00:00
Çekici,Daf,VAN,VAN,LARGE,LOW,LOW,MEDIUM,MEDIUM,HIGH,MEDIUM,LOW,MEDIUM,MODEL_PROFILE_AI,1.0,2026-09-04T21:23:24+00:00
Çekici,Ford,UNKNOWN,UNKNOWN,UNKNOWN,UNKNOWN,UNKNOWN,UNKNOWN,UNKNOWN,UNKNOWN,UNKNOWN,UNKNOWN,LOW,MODEL_PROFILE_AI,1.0,2026-09-04T21:22:32+00:00
Çekici,Iveco,VAN,VAN,LARGE,LOW,LOW,MEDIUM,MEDIUM,HIGH,MEDIUM,LOW,MEDIUM,MODEL_PROFILE_AI,1.0,2026-09-04T21:23:24+00:00
Çekici,Nissan,VAN,VAN,LARGE,MEDIUM,LOW,MEDIUM,LOW,HIGH,LOW,LOW,MEDIUM,MODEL_PROFILE_AI,1.0,2026-09-04T21:22:53+00:00
